raw_sid,namespace,pkdb_sid,study_name,pmid,pmcid,doi,title,raw_data_path,paperclip_available,paperclip_text_availability,paperclip_id,paperclip_source,paperclip_document_path,paperclip_url,match_method,match_note
PKDB00038,pkdb,PKDB00038,Harder1988,2853056,,,4-quinolones inhibit biotransformation of caffeine.,pkdb/PKDB00038/study.json,no,none,,,,,,no_exact_match
PKDB00226,pkdb,PKDB00226,Liedtke1979,583229,,,[Comparative pharmacokinetics of paracetamol in humans following single oral and rectal administration (author's transl)].,pkdb/PKDB00226/study.json,no,none,,,,,,no_exact_match
PKDB00396,pkdb,PKDB00396,Grundmann1992,1482735,,,"[Effect of the volatile anesthetics halothane, enflurane and isoflurane on liver circulation in the human].",pkdb/PKDB00396/study.json,no,none,,,,,,no_exact_match
PKDB00477,pkdb,PKDB00477,Nakazawa1988,3241301,,,[Pharmacokinetics of caffeine and dimethylxanthines in plasma and saliva].,pkdb/PKDB00477/study.json,yes,abstract_only,oa_W2400844322,abstracts,,https://doi.org/10.1248/yakushi1947.108.7_653,title_exact,Abstract corpus record; no Paperclip full-text document path.
PKDB00500,pkdb,PKDB00500,Walther1983,6657740,,,"[Significance of caffeine values in serum, saliva and urine--determination of pharmacokinetic data by non-invasive methods in psychopharmacologic studies].",pkdb/PKDB00500/study.json,no,none,,,,,,no_exact_match
PKDB00291,pkdb,PKDB00291,Barbanoj2008a,19673928,,,A bioavailability/bioequivalence and pharmacokinetic study of two oral doses of torasemide (5 and 10 mg): prolonged-release versus the conventional formulation.,pkdb/PKDB00291/study.json,yes,abstract_only,oa_W2088784133,abstracts,,https://doi.org/10.1111/j.1440-1681.2008.05089.x,title_exact,Abstract corpus record; no Paperclip full-text document path.
PKDB00160,pkdb,PKDB00160,Adithan1982,7104162,PMC1427583,,A comparative study of saliva and serum paracetamol levels using a simple spectrophotometric method.,pkdb/PKDB00160/study.json,yes,abstract_only,oa_W2066366410,abstracts,,https://doi.org/10.1111/j.1365-2125.1982.tb04944.x,title_exact,Abstract corpus record; no Paperclip full-text document path.
PKDB00114,pkdb,PKDB00114,Yue1991,1867958,PMC1368573,,A comparison of the pharmacokinetics of codeine and its metabolites in healthy Chinese and Caucasian extensive hydroxylators of debrisoquine.,pkdb/PKDB00114/study.json,yes,abstract_only,oa_W1991936208,abstracts,,https://doi.org/10.1111/j.1365-2125.1991.tb05586.x,title_exact,Abstract corpus record; no Paperclip full-text document path.
PKDB00216,pkdb,PKDB00216,Grattan2000,10799813,,,A five way crossover human volunteer study to compare the pharmacokinetics of paracetamol following oral administration of two commercially available paracetamol tablets and three development tablets containing paracetamol in combination with sodium bicarbonate or calcium carbonate.,pkdb/PKDB00216/study.json,no,none,,,,,,no_exact_match
PKDB00043,pkdb,PKDB00043,Jeppesen1996,8807660,,,A fluvoxamine-caffeine interaction study.,pkdb/PKDB00043/study.json,yes,abstract_only,oa_W2046107045,abstracts,,https://doi.org/10.1097/00008571-199606000-00003,title_exact,Abstract corpus record; no Paperclip full-text document path.
PKDB00035,pkdb,PKDB00035,Ghassabian2009,19307938,,,A high-throughput assay using liquid chromatography-tandem mass spectrometry for simultaneous in vivo phenotyping of 5 major cytochrome p450 enzymes in patients.,pkdb/PKDB00035/study.json,yes,abstract_only,oa_W2007873007,abstracts,,https://doi.org/10.1097/ftd.0b013e318197e1bf,title_exact,Abstract corpus record; no Paperclip full-text document path.
PKDB00172,pkdb,PKDB00172,Cummings1967,6032053,,,A kinetic study of drug elimination: the excretion of paracetamol and its metabolites in man.,pkdb/PKDB00172/study.json,no,none,,,,,,no_exact_match
PKDB00295,pkdb,PKDB00295,Greenblatt1989,2512694,,,A large-sample study of diazepam pharmacokinetics.,pkdb/PKDB00295/study.json,yes,abstract_only,oa_W2078822552,abstracts,,https://doi.org/10.1097/00007691-198911000-00007,title_exact,Abstract corpus record; no Paperclip full-text document path.
PKDB00142,pkdb,PKDB00142,Souliman2006,16169713,,,A level A in vitro/in vivo correlation in fasted and fed states using different methods: applied to solid immediate release oral dosage form.,pkdb/PKDB00142/study.json,no,none,,,,,,no_exact_match
4856884,pmid,,Sherwin1974,4856884,PMC302637,10.1172/JCI107697,A model of the kinetics of insulin in man.,pmid/4856884/study.json,yes,abstract_only,oa_W1969759774,abstracts,,https://doi.org/10.1172/jci107697,doi_exact,Abstract corpus record; no Paperclip full-text document path.
PKDB00260,pkdb,PKDB00260,RostamiHodjegan2002,12098841,,,A new rapidly absorbed paracetamol tablet containing sodium bicarbonate. I. A four-way crossover study to compare the concentration-time profile of paracetamol from the new paracetamol/sodium bicarbonate tablet and a conventional paracetamol tablet in fed and fasted volunteers.,pkdb/PKDB00260/study.json,yes,abstract_only,oa_W2159681899,abstracts,,https://doi.org/10.1081/ddc-120003448,title_exact,Abstract corpus record; no Paperclip full-text document path.
PKDB00184,pkdb,PKDB00184,Douglas1996,8853667,,,A pharmacokinetic comparison of acetaminophen products (Tylenol Extended Relief vs regular Tylenol),pkdb/PKDB00184/study.json,yes,abstract_only,oa_W2026254124,abstracts,,https://doi.org/10.1111/j.1553-2712.1996.tb03508.x,title_exact,Abstract corpus record; no Paperclip full-text document path.
Sigurbjoernsson1998,legacy,PKDB00546,Sigurbjoernsson1998,9625267,,,A pharmacokinetic evaluation of pravastatin in middle-aged and elderly volunteers.,legacy/Sigurbjoernsson1998/study.json,no,none,,,,,,no_exact_match
PKDB00499,pkdb,PKDB00499,Dumond2010,20147896,PMC2882206,10.1038/clpt.2009.253,A phenotype-genotype approach to predicting CYP450 and P-glycoprotein drug interactions with the mixed inhibitor/inducer tipranavir/ritonavir.,pkdb/PKDB00499/study.json,yes,abstract_only,oa_W2036793894,abstracts,,https://doi.org/10.1038/clpt.2009.253,doi_exact,Abstract corpus record; no Paperclip full-text document path.
PKDB00246,pkdb,PKDB00246,Olkkola1993,8453848,,,A potentially hazardous interaction between erythromycin and midazolam.,pkdb/PKDB00246/study.json,yes,abstract_only,oa_W2104093795,abstracts,,https://doi.org/10.1038/clpt.1993.25,title_exact,Abstract corpus record; no Paperclip full-text document path.
Kinzler2019,legacy,,Kinzler2019,31278694,PMC6822839,10.1007/s12325-019-01022-4,"A Randomized, Crossover Study on the Effect of Food on the Pharmacokinetic Characteristics of Morphine ARER (MorphaBond™ ER), an Abuse-Deterrent Formulation of Extended-Release Morphine.",legacy/Kinzler2019/study.json,yes,full_text,PMC6822839,pmc,/papers/PMC6822839/content.lines,https://paperclip.gxl.ai/citations/papers/PMC6822839,pmcid_exact,
24517114,pmid,,Berg2014,24517114,PMC3928318,10.1186/1471-230X-14-25,"A randomized, double-blind, placebo-controlled, multiple-dose, parallel-group clinical trial to assess the effects of teduglutide on gastric emptying of liquids in healthy subjects.",pmid/24517114/study.json,yes,full_text,PMC3928318,pmc,/papers/PMC3928318/content.lines,https://paperclip.gxl.ai/citations/papers/PMC3928318,pmcid_exact,
PKDB00482,pkdb,PKDB00482,Sadek2017,29230348,,,"A Randomized, Two-Way Crossover Study to Evaluate the Pharmacokinetics of Caffeine Delivered Using Caffeinated Chewing Gum Versus a Marketed Caffeinated Beverage in Healthy Adult Volunteers.",pkdb/PKDB00482/study.json,yes,abstract_only,oa_W2775335594,abstracts,,https://doi.org/10.1089/jcr.2017.0025,title_exact,Abstract corpus record; no Paperclip full-text document path.
PKDB00293,pkdb,PKDB00293,Khan2008,20046786,PMC2792562,10.4103/0250-474X.44609,A simplified HPLC method for quantification of torsemide from human plasma and its application to a bioequivalence study.,pkdb/PKDB00293/study.json,yes,full_text,PMC2792562,pmc,/papers/PMC2792562/content.lines,https://paperclip.gxl.ai/citations/papers/PMC2792562,pmcid_exact,
PKDB00128,pkdb,PKDB00128,Cornish1957,13475320,,,"A study of the metabolism of theobromine, theophylline, and caffeine in man.",pkdb/PKDB00128/study.json,no,none,,,,,,no_exact_match
PKDB00015,pkdb,PKDB00015,Campbell1987a,3608349,,,A urinary metabolite ratio that reflects systemic caffeine clearance.,pkdb/PKDB00015/study.json,yes,abstract_only,oa_W2100199295,abstracts,,https://doi.org/10.1038/clpt.1987.126,title_exact,Abstract corpus record; no Paperclip full-text document path.
PKDB00509,pkdb,PKDB00509,Keskitalo2008,19238649,,,ABCB1 haplotypes differentially affect the pharmacokinetics of the acid and lactone forms of simvastatin and atorvastatin.,pkdb/PKDB00509/study.json,yes,abstract_only,oa_W2040440041,abstracts,,https://doi.org/10.1038/clpt.2008.25,title_exact,Abstract corpus record; no Paperclip full-text document path.
PKDB00407,pkdb,PKDB00407,Martin1976,814028,,,Abnormal hepatic transport of indocyanine green in Gilbert's syndrome.,pkdb/PKDB00407/study.json,no,none,,,,,,no_exact_match
PKDB00179,pkdb,PKDB00179,Greenblatt1986,2935051,,,Absence of interaction of cimetidine and ranitidine with intravenous and oral midazolam.,pkdb/PKDB00179/study.json,no,none,,,,,,no_exact_match
PKDB00338,pkdb,PKDB00338,Marks1973,4121243,,,"Absorption of caffeine from tea, coffee, and coca cola.",pkdb/PKDB00338/study.json,no,none,,,,,,no_exact_match
PKDB00303,pkdb,PKDB00303,Magnussen1979,495118,,,Absorption of diazepam in man following rectal and parenteral administration.,pkdb/PKDB00303/study.json,no,none,,,,,,no_exact_match
PKDB00196,pkdb,PKDB00196,Divoll1982c,7056022,,,Acetaminophen kinetics in the elderly.,pkdb/PKDB00196/study.json,yes,abstract_only,oa_W2063020863,abstracts,,https://doi.org/10.1038/clpt.1982.24,title_exact,Abstract corpus record; no Paperclip full-text document path.
4850385,pmid,,Mrochek1974,4850385,,,"Acetaminophen metabolism in man, as determined by high-resolution liquid chromatography.",pmid/4850385/study.json,yes,abstract_only,oa_W2286204632,abstracts,,https://doi.org/10.1093/clinchem/20.8.1086,title_exact,Abstract corpus record; no Paperclip full-text document path.
4823929,pmid,,DeVane1974,4823929,,,Acute suppression of insulin and glucose levels by synthetic somatostatin in normal human subjects.,pmid/4823929/study.json,no,none,,,,,,no_exact_match
2816559,pmid,,Baillie1989,2816559,,,Age and the pharmacokinetics of morphine.,pmid/2816559/study.json,yes,abstract_only,oa_W2109865776,abstracts,,https://doi.org/10.1093/ageing/18.4.258,title_exact,Abstract corpus record; no Paperclip full-text document path.
PKDB00131,pkdb,PKDB00131,Divoll1982,7069091,,10.1111/j.1532-5415.1982.tb07093.x,Age does not alter acetaminophen absorption.,pkdb/PKDB00131/study.json,yes,abstract_only,oa_W2047273344,abstracts,,https://doi.org/10.1111/j.1532-5415.1982.tb07093.x,doi_exact,Abstract corpus record; no Paperclip full-text document path.
PKDB00294,pkdb,PKDB00294,MacLeod1979,762252,,,Age- and gender-related differences in diazepam pharmacokinetics.,pkdb/PKDB00294/study.json,no,none,,,,,,no_exact_match
6883911,pmid,,Owen1983,6883911,,,Age-related morphine kinetics.,pmid/6883911/study.json,yes,abstract_only,oa_W2112249040,abstracts,,https://doi.org/10.1038/clpt.1983.180,title_exact,Abstract corpus record; no Paperclip full-text document path.
PKDB00283,pkdb,PKDB00283,Wang2020b,31965188,,,An Experimental Pharmacokinetics Study of Diazepam and Its Metabolites in Oral Fluid of Chinese Population.,pkdb/PKDB00283/study.json,yes,abstract_only,oa_W3001071950,abstracts,,https://doi.org/10.1093/jat/bkz101,title_exact,Abstract corpus record; no Paperclip full-text document path.
18853232,pmid,,Priebe2008,18853232,,,An explorative study of in vivo digestive starch characteristics and postprandial glucose kinetics of wholemeal wheat bread.,pmid/18853232/study.json,no,none,,,,,,no_exact_match
Cobelli1982,legacy,,Cobelli1982,,,,An integrated mathematical model of the dynamics of blood glucose and its hormonal control.,legacy/Cobelli1982/study.json,no,none,,,,,,no_exact_match
11417446,pmid,,Tamminga2001,11417446,,,An optimized methodology for combined phenotyping and genotyping on CYP2D6 and CYP2C19.,pmid/11417446/study.json,no,none,,,,,,no_exact_match
1577043,pmid,,Nielsen1992,1577043,,,"Analgesic efficacy of immediate and sustained release paracetamol and plasma concentration of paracetamol. Double blind, placebo-controlled evaluation using painful laser stimulation.",pmid/1577043/study.json,no,none,,,,,,no_exact_match
12928596,pmid,,Yeh2003,12928596,,,Analysis of pharmacokinetic parameters for assessment of dextromethorphan metabolic phenotypes.,pmid/12928596/study.json,no,none,,,,,,no_exact_match
PKDB00475,pkdb,PKDB00475,McQuilkin1995,7742721,,,Analysis of within-subject variation of caffeine metabolism when used to determine cytochrome P4501A2 and N-acetyltransferase-2 activities.,pkdb/PKDB00475/study.json,no,none,,,,,,no_exact_match
PKDB00386,pkdb,PKDB00386,Andersen1999,10499483,,,"Antipyrine, oxazepam, and indocyanine green clearance in patients with chronic pancreatitis and healthy subjects.",pkdb/PKDB00386/study.json,yes,abstract_only,oa_W2163237979,abstracts,,https://doi.org/10.1080/003655299750025750,title_exact,Abstract corpus record; no Paperclip full-text document path.
PKDB00306,pkdb,PKDB00306,Lee2002,12496753,,,Application of semisimultaneous midazolam administration for hepatic and intestinal cytochrome P450 3A phenotyping.,pkdb/PKDB00306/study.json,yes,abstract_only,oa_W1969273920,abstracts,,https://doi.org/10.1067/mcp.2002.129068,title_exact,Abstract corpus record; no Paperclip full-text document path.
PKDB00433,pkdb,PKDB00433,Bapiro2005,16261361,,,Artemisinin and thiabendazole are potent inhibitors of cytochrome P450 1A2 (CYP1A2) activity in humans.,pkdb/PKDB00433/study.json,no,none,,,,,,no_exact_match
PKDB00409,pkdb,PKDB00409,Moeller1998,9691928,PMC1727147,10.1136/gut.42.6.868,Arterial hypoxaemia in cirrhosis: fact or fiction?,pkdb/PKDB00409/study.json,yes,abstract_only,oa_W2111075135,abstracts,,https://doi.org/10.1136/gut.42.6.868,doi_exact,Abstract corpus record; no Paperclip full-text document path.
10613613,pmid,,Tenneze1999,10613613,,,Assessment of CYP2D6 and CYP2C19 activity in vivo in humans: a cocktail study with dextromethorphan and chloroguanide alone and in combination.,pmid/10613613/study.json,yes,abstract_only,oa_W2138275432,abstracts,,https://doi.org/10.1053/cp.1999.v66.103401001,title_exact,Abstract corpus record; no Paperclip full-text document path.
PKDB00411,pkdb,PKDB00411,Soons1991,1768562,,,Assessment of hepatic blood flow in healthy subjects by continuous infusion of indocyanine green.,pkdb/PKDB00411/study.json,yes,abstract_only,oa_W1489797290,abstracts,,https://doi.org/10.1111/j.1365-2125.1991.tb03976.x,title_exact,Abstract corpus record; no Paperclip full-text document path.
PKDB00493,pkdb,PKDB00493,Wahllaender1990,2185297,,,Assessment of hepatic function. Comparison of caffeine clearance in serum and saliva during the day and at night.,pkdb/PKDB00493/study.json,no,none,,,,,,no_exact_match
PKDB00416,pkdb,PKDB00416,Seyama2009,19208031,,,Assessment of liver function for safe hepatic resection.,pkdb/PKDB00416/study.json,yes,abstract_only,oa_W2155402981,abstracts,,https://doi.org/10.1111/j.1872-034x.2008.00441.x,title_exact,Abstract corpus record; no Paperclip full-text document path.
PKDB00496,pkdb,PKDB00496,Edwards2017,28808886,PMC5599467,10.1007/s12325-017-0601-0,"Assessment of Pharmacokinetic Interactions Between Obeticholic Acid and Caffeine, Midazolam, Warfarin, Dextromethorphan, Omeprazole, Rosuvastatin, and Digoxin in Phase 1 Studies in Healthy Subjects.",pkdb/PKDB00496/study.json,yes,full_text,PMC5599467,pmc,/papers/PMC5599467/content.lines,https://paperclip.gxl.ai/citations/papers/PMC5599467,pmcid_exact,
PKDB00319,pkdb,PKDB00319,Henney2014,24934774,,,Assessment of pharmacokinetics and tolerability of intranasal diazepam relative to rectal gel in healthy adults.,pkdb/PKDB00319/study.json,no,none,,,,,,no_exact_match
PKDB00460,pkdb,PKDB00460,He2017,28875060,PMC5582588,10.1089/jcr.2017.0006,Assessment of the Drug-Drug Interaction Potential Between Theacrine and Caffeine in Humans.,pkdb/PKDB00460/study.json,yes,abstract_only,oa_W2735086467,abstracts,,https://doi.org/10.1089/jcr.2017.0006,doi_exact,Abstract corpus record; no Paperclip full-text document path.
PKDB00487,pkdb,PKDB00487,Soto1995,8602388,,,Assessment of the time course of drugs with inhibitory effects on hepatic metabolic activity using successive salivary caffeine tests.,pkdb/PKDB00487/study.json,yes,abstract_only,oa_W1495664218,abstracts,,https://doi.org/10.1002/j.1875-9114.1995.tb02897.x,title_exact,Abstract corpus record; no Paperclip full-text document path.
PKDB00391,pkdb,PKDB00391,Chijiiwa2000,10773154,,,Biliary indocyanine green excretion as a predictor of hepatic adenosine triphosphate levels in patients with obstructive jaundice.,pkdb/PKDB00391/study.json,no,none,,,,,,no_exact_match
3358767,pmid,,Dayer1988,3358767,,,Bioactivation of the narcotic drug codeine in human liver is mediated by the polymorphic monooxygenase catalyzing debrisoquine 4-hydroxylation (cytochrome P-450 dbl/bufI).,pmid/3358767/study.json,no,none,,,,,,no_exact_match
PKDB00380,pkdb,PKDB00380,VazdaSilva2005,17532679,,,Bioavailability and bioequivalence of two enteric-coated formulations of omeprazole in fasting and fed conditions.,pkdb/PKDB00380/study.json,no,none,,,,,,no_exact_match
PKDB00281,pkdb,PKDB00281,Lehmann2008,18238878,,,Bioavailability and dose proportionality of intramuscular diazepam administered by autoinjector.,pkdb/PKDB00281/study.json,yes,abstract_only,oa_W2042875036,abstracts,,https://doi.org/10.1177/0091270007311572,title_exact,Abstract corpus record; no Paperclip full-text document path.
PKDB00332,pkdb,PKDB00332,Sonne1988a,3197746,,,Bioavailability and pharmacokinetics of oxazepam.,pkdb/PKDB00332/study.json,no,none,,,,,,no_exact_match
9840216,pmid,PKDB00579,Demirbas1998,9840216,,,Bioavailability of dextromethorphan (as dextrorphan) from sustained release formulations in the presence of guaifenesin in human volunteers.,pmid/9840216/study.json,yes,abstract_only,oa_W2148706619,abstracts,,https://doi.org/10.1002/(sici)1099-081x(1998110)19:8<541::aid-bdd138>3.0.co;2-8,title_exact,Abstract corpus record; no Paperclip full-text document path.
PKDB00144,pkdb,PKDB00144,Richter1974,22454936,PMC1402535,,Bioavailability of different preparations of paracetamol.,pkdb/PKDB00144/study.json,yes,abstract_only,oa_W2075503524,abstracts,,https://doi.org/10.1111/j.1365-2125.1974.tb01700.x,title_exact,Abstract corpus record; no Paperclip full-text document path.
PKDB00152,pkdb,PKDB00152,SevillaTirado2003,14571283,,,"Bioavailability of two new formulations of paracetamol, compared with three marketed formulations, in healthy volunteers.",pkdb/PKDB00152/study.json,no,none,,,,,,no_exact_match
PKDB00022,pkdb,PKDB00022,Albert1974,4829520,,10.1002/j.1552-4604.1974.tb02312.x,Bioavailability studies of acetaminophen and nitrofurantoin.,pkdb/PKDB00022/study.json,yes,abstract_only,oa_W2143801404,abstracts,,https://doi.org/10.1002/j.1552-4604.1974.tb02312.x,doi_exact,Abstract corpus record; no Paperclip full-text document path.
PKDB00292,pkdb,PKDB00292,Schwarz1993,8330470,,,"Bioavailability, pharmacokinetics, and pharmacodynamics of torsemide in patients with cirrhosis.",pkdb/PKDB00292/study.json,yes,abstract_only,oa_W2090361509,abstracts,,https://doi.org/10.1038/clpt.1993.116,title_exact,Abstract corpus record; no Paperclip full-text document path.
PKDB00287,pkdb,PKDB00287,Cho2005,,,,Bioequivalence of Boryung Torsemide Tablet to Torem Tablet (Torasemide 10 mg) by High Performance Liquid Chromatography/UV Detector,pkdb/PKDB00287/study.json,no,none,,,,,,no_exact_match
PKDB00313,pkdb,PKDB00313,Kang2013,,,,Bioequivalence of Torad tablet 5 mg to Torem tablet 5 mg (torasemide 5 mg),pkdb/PKDB00313/study.json,no,none,,,,,,no_exact_match
PKDB00346,pkdb,PKDB00346,Lohitnavy2004,14979606,,,Bioequivalence study of two formulations of simvastatin tablets in healthy Thai volunteers.,pkdb/PKDB00346/study.json,yes,abstract_only,oa_W2074547063,abstracts,,https://doi.org/10.1055/s-0031-1296933,title_exact,Abstract corpus record; no Paperclip full-text document path.
PKDB00272,pkdb,PKDB00272,DeSilva1966,5338617,,,Blood level distribution patterns of diazepam and its major metabolite in man.,pkdb/PKDB00272/study.json,no,none,,,,,,no_exact_match
14982753,pmid,,Basu2004,14982753,,,"Both fasting glucose production and disappearance are abnormal in people with ""mild"" and ""severe"" type 2 diabetes.",pmid/14982753/study.json,yes,abstract_only,oa_W2157398808,abstracts,,https://doi.org/10.1152/ajpendo.00549.2003,title_exact,Abstract corpus record; no Paperclip full-text document path.
2857025,pmid,,Bell1985,2857025,,,Buccal morphine--a new route for analgesia?,pmid/2857025/study.json,no,none,,,,,,no_exact_match
PKDB00125,pkdb,PKDB00125,Renner2007,17442681,,10.1177/0091270007299762,Caffeine accelerates absorption and enhances the analgesic effect of acetaminophen.,pkdb/PKDB00125/study.json,yes,abstract_only,oa_W1990564216,abstracts,,https://doi.org/10.1177/0091270007299762,doi_exact,Abstract corpus record; no Paperclip full-text document path.
PKDB00478,pkdb,PKDB00478,Perera2010,20853468,,,Caffeine and paraxanthine HPLC assay for CYP1A2 phenotype assessment using saliva and plasma.,pkdb/PKDB00478/study.json,yes,abstract_only,oa_W1977321058,abstracts,,https://doi.org/10.1002/bmc.1419,title_exact,Abstract corpus record; no Paperclip full-text document path.
PKDB00485,pkdb,PKDB00485,Scott1988,3356110,,,Caffeine clearance and biotransformation in patients with chronic liver disease.,pkdb/PKDB00485/study.json,yes,abstract_only,oa_W2333664070,abstracts,,https://doi.org/10.1042/cs0740377,title_exact,Abstract corpus record; no Paperclip full-text document path.
PKDB00474,pkdb,PKDB00474,McDonagh1991,2060878,PMC1378889,10.1136/gut.32.6.681,"Caffeine clearance by enzyme multiplied immunoassay technique: a simple, inexpensive, and useful indicator of liver function.",pkdb/PKDB00474/study.json,yes,abstract_only,oa_W1979035907,abstracts,,https://doi.org/10.1136/gut.32.6.681,doi_exact,Abstract corpus record; no Paperclip full-text document path.
PKDB00014,pkdb,PKDB00014,Bonati1982,7083737,,,Caffeine disposition after oral doses.,pkdb/PKDB00014/study.json,yes,abstract_only,oa_W2047855828,abstracts,,https://doi.org/10.1038/clpt.1982.132,title_exact,Abstract corpus record; no Paperclip full-text document path.
PKDB00427,pkdb,PKDB00427,Abernethy1985a,4027137,PMC1400629,10.1111/j.1365-2125.1985.tb02799.x,Caffeine disposition in obesity.,pkdb/PKDB00427/study.json,yes,abstract_only,oa_W2095253317,abstracts,,https://doi.org/10.1111/j.1365-2125.1985.tb02799.x,doi_exact,Abstract corpus record; no Paperclip full-text document path.
PKDB00383,pkdb,PKDB00383,Wang1985,4079279,,,Caffeine elimination: a test of liver function.,pkdb/PKDB00383/study.json,no,none,,,,,,no_exact_match
PKDB00450,pkdb,PKDB00450,Cook1976,1033273,,,Caffeine in plasma and saliva by a radioimmunoassay procedure.,pkdb/PKDB00450/study.json,no,none,,,,,,no_exact_match
PKDB00048,pkdb,PKDB00048,Levy1983,6851408,,,Caffeine metabolism and coffee-attributed sleep disturbances.,pkdb/PKDB00048/study.json,yes,abstract_only,oa_W2029023916,abstracts,,https://doi.org/10.1038/clpt.1983.105,title_exact,Abstract corpus record; no Paperclip full-text document path.
PKDB00012,pkdb,PKDB00012,Birkett1991,2049248,PMC1368325,,Caffeine renal clearance and urine caffeine concentrations during steady state dosing. Implications for monitoring caffeine intake during sports events.,pkdb/PKDB00012/study.json,yes,abstract_only,oa_W1973513838,abstracts,,https://doi.org/10.1111/j.1365-2125.1991.tb05553.x,title_exact,Abstract corpus record; no Paperclip full-text document path.
PKDB00441,pkdb,PKDB00441,Calatayud1995,7775610,,,Caffeine test assessment for measuring liver function in critically ill patients.,pkdb/PKDB00441/study.json,yes,abstract_only,oa_W2067905616,abstracts,,https://doi.org/10.1111/j.1365-2710.1995.tb00621.x,title_exact,Abstract corpus record; no Paperclip full-text document path.
PKDB00059,pkdb,PKDB00059,Renner1984,6420303,,,Caffeine: a model compound for measuring liver function.,pkdb/PKDB00059/study.json,yes,abstract_only,oa_W1986398072,abstracts,,https://doi.org/10.1002/hep.1840040107,title_exact,Abstract corpus record; no Paperclip full-text document path.
3519643,pmid,,Polonsky1986a,3519643,,,Calculation of the systemic delivery rate of insulin in normal man.,pmid/3519643/study.json,yes,abstract_only,oa_W1986436191,abstracts,,https://doi.org/10.1210/jcem-63-1-113,title_exact,Abstract corpus record; no Paperclip full-text document path.
PKDB00347,pkdb,PKDB00347,Ucar2004,14691614,,,Carbamazepine markedly reduces serum concentrations of simvastatin and simvastatin acid.,pkdb/PKDB00347/study.json,no,none,,,,,,no_exact_match
PKDB00495,pkdb,PKDB00495,YuberoLahoz2012,22673010,,,"Changes in CYP1A2 activity in humans after 3,4-methylenedioxymethamphetamine (MDMA, ecstasy) administration using caffeine as a probe drug.",pkdb/PKDB00495/study.json,yes,abstract_only,oa_W2150463045,abstracts,,https://doi.org/10.2133/dmpk.dmpk-12-rg-032,title_exact,Abstract corpus record; no Paperclip full-text document path.
PKDB00421,pkdb,PKDB00421,Geneve1990,2206792,PMC1368232,10.1111/j.1365-2125.1990.tb03779.x,Changes in indocyanine green kinetics after the administration of enalapril to healthy subjects.,pkdb/PKDB00421/study.json,yes,abstract_only,oa_W2091386530,abstracts,,https://doi.org/10.1111/j.1365-2125.1990.tb03779.x,doi_exact,Abstract corpus record; no Paperclip full-text document path.
3365914,pmid,,Brown1988a,3365914,,,Changes in rate and pattern of caffeine metabolism after cigarette abstinence.,pmid/3365914/study.json,yes,abstract_only,oa_W1980038540,abstracts,,https://doi.org/10.1038/clpt.1988.63,title_exact,Abstract corpus record; no Paperclip full-text document path.
23394389,pmid,PKDB00589,Montane2013,23394389,,,Characterization of the CYP2D6 gene locus and metabolic activity in Indo- and Afro-Trinidadians: discovery of novel allelic variants.,pmid/23394389/study.json,no,none,,,,,,no_exact_match
PKDB00259,pkdb,PKDB00259,Kolawole2002,12365202,,,Chronopharmacokinetics of acetaminophen in healthy human volunteers.,pkdb/PKDB00259/study.json,no,none,,,,,,no_exact_match
PKDB00119,pkdb,PKDB00119,Malan1985,4027126,PMC1463861,,Chronopharmacokinetics of paracetamol in normal subjects.,pkdb/PKDB00119/study.json,yes,abstract_only,oa_W1988359687,abstracts,,https://doi.org/10.1111/j.1365-2125.1985.tb02726.x,title_exact,Abstract corpus record; no Paperclip full-text document path.
PKDB00337,pkdb,PKDB00337,Patwardhan1980a,6106621,,,Cimetidine spares the glucuronidation of lorazepam and oxazepam.,pkdb/PKDB00337/study.json,yes,abstract_only,oa_W2010728791,abstracts,,https://doi.org/10.1097/00132586-198112000-00009,title_exact,Abstract corpus record; no Paperclip full-text document path.
PKDB00039,pkdb,PKDB00039,Harder1989,2589393,,,Ciprofloxacin-caffeine: a drug interaction established using in vivo and in vitro investigations.,pkdb/PKDB00039/study.json,no,none,,,,,,no_exact_match
Itoh2001,legacy,,Itoh2001,,,,Cisapride raises the bioavailability of paracetamol by inhibiting its glucuronidation in man,legacy/Itoh2001/study.json,yes,abstract_only,oa_W2010721971,abstracts,,https://doi.org/10.1211/0022357011776298,title_exact,Abstract corpus record; no Paperclip full-text document path.
PKDB00395,pkdb,PKDB00395,Grainger1983,6822056,,,Clearance and non-invasive determination of the hepatic extraction of indocyanine green in baboons and man.,pkdb/PKDB00395/study.json,yes,abstract_only,oa_W1234199855,abstracts,,https://doi.org/10.1042/cs0640207,title_exact,Abstract corpus record; no Paperclip full-text document path.
PKDB00456,pkdb,PKDB00456,Gurley2005a,15974642,PMC1858666,10.2165/00002512-200522060-00006,"Clinical assessment of effects of botanical supplementation on cytochrome P450 phenotypes in the elderly: St John's wort, garlic oil, Panax ginseng and Ginkgo biloba.",pkdb/PKDB00456/study.json,no,none,,,,,,no_exact_match
PKDB00320,pkdb,PKDB00320,Brater1987,3608350,,,"Clinical pharmacology of torasemide, a new loop diuretic.",pkdb/PKDB00320/study.json,yes,abstract_only,oa_W2160023742,abstracts,,https://doi.org/10.1038/clpt.1987.131,title_exact,Abstract corpus record; no Paperclip full-text document path.
9010701,pmid,,Poulsen1996,9010701,,,"Codeine and morphine in extensive and poor metabolizers of sparteine: pharmacokinetics, analgesic effect and side effects.",pmid/9010701/study.json,no,none,,,,,,no_exact_match
PKDB00102,pkdb,PKDB00102,Mohammed1993,8227477,,,Codeine disposition in sickle cell patients compared with healthy volunteers.,pkdb/PKDB00102/study.json,yes,abstract_only,oa_W1971424092,abstracts,,https://doi.org/10.1002/j.1552-4604.1993.tb01956.x,title_exact,Abstract corpus record; no Paperclip full-text document path.
7094509,pmid,,Rogers1982,7094509,,,Codeine disposition in smokers and nonsmokers.,pmid/7094509/study.json,yes,abstract_only,oa_W2037962571,abstracts,,https://doi.org/10.1038/clpt.1982.151,title_exact,Abstract corpus record; no Paperclip full-text document path.
PKDB00113,pkdb,PKDB00113,Yue1989,2611086,PMC1380034,,Codeine O-demethylation co-segregates with polymorphic debrisoquine hydroxylation.,pkdb/PKDB00113/study.json,yes,abstract_only,oa_W2168913040,abstracts,,https://doi.org/10.1111/j.1365-2125.1989.tb03556.x,title_exact,Abstract corpus record; no Paperclip full-text document path.
PKDB00534,pkdb,PKDB00534,Johnsson1975,1094802,,,Combined pharmacokinetic and pharmacodynammc studies in man of the adrenergic beta1-receptor antagonist metoprolol.,pkdb/PKDB00534/study.json,no,none,,,,,,no_exact_match
9725479,pmid,,Laneury1998,9725479,,,Comparative bioavailability study of codeine and ibuprofen after administration of the two products alone or in association to 24 healthy volunteers.,pmid/9725479/study.json,no,none,,,,,,no_exact_match
3741728,pmid,,Findlay1986,3741728,PMC1401076,10.1111/j.1365-2125.1986.tb02881.x,Comparative disposition of codeine and pholcodine in man after single oral doses.,pmid/3741728/study.json,yes,abstract_only,oa_W1971901889,abstracts,,https://doi.org/10.1111/j.1365-2125.1986.tb02881.x,doi_exact,Abstract corpus record; no Paperclip full-text document path.
PKDB00296,pkdb,PKDB00296,Jones1998a,9514454,,,"Comparative dose efficacy study of atorvastatin versus simvastatin, pravastatin, lovastatin, and fluvastatin in patients with hypercholesterolemia (the CURVES study)",pkdb/PKDB00296/study.json,no,none,,,,,,no_exact_match
PKDB00403,pkdb,PKDB00403,Klockowski1990,2146057,,,Comparative evaluation of the effects of isradipine and diltiazem on antipyrine and indocyanine green clearances in elderly volunteers.,pkdb/PKDB00403/study.json,yes,abstract_only,oa_W2007293089,abstracts,,https://doi.org/10.1038/clpt.1990.165,title_exact,Abstract corpus record; no Paperclip full-text document path.
PKDB00364,pkdb,PKDB00364,Jacobson2004,15518608,,,"Comparative pharmacokinetic interaction profiles of pravastatin, simvastatin, and atorvastatin when coadministered with cytochrome P450 inhibitors.",pkdb/PKDB00364/study.json,no,none,,,,,,no_exact_match
PKDB00047,pkdb,PKDB00047,Lelo1986a,3756065,PMC1401099,,"Comparative pharmacokinetics of caffeine and its primary demethylated metabolites paraxanthine, theobromine and theophylline in man.",pkdb/PKDB00047/study.json,yes,abstract_only,oa_W2058530997,abstracts,,https://doi.org/10.1111/j.1365-2125.1986.tb05246.x,title_exact,Abstract corpus record; no Paperclip full-text document path.
PKDB00127,pkdb,PKDB00127,Blanchard1982,6886969,,,Comparative pharmacokinetics of caffeine in young and elderly men.,pkdb/PKDB00127/study.json,no,none,,,,,,no_exact_match
PKDB00371,pkdb,PKDB00371,Pentikainen1992,1613123,,,"Comparative pharmacokinetics of lovastatin, simvastatin and pravastatin in humans.",pkdb/PKDB00371/study.json,yes,abstract_only,oa_W2042709174,abstracts,,https://doi.org/10.1002/j.1552-4604.1992.tb03818.x,title_exact,Abstract corpus record; no Paperclip full-text document path.
PKDB00118,pkdb,PKDB00118,Tan2006,16842311,,,Comparative pharmacokinetics of Panadol Extend and immediate-release paracetamol in a simulated overdose model.,pkdb/PKDB00118/study.json,yes,abstract_only,oa_W1976591149,abstracts,,https://doi.org/10.1111/j.1742-6723.2006.00873.x,title_exact,Abstract corpus record; no Paperclip full-text document path.
PKDB00162,pkdb,PKDB00162,Wojcicki1979,582149,,,Comparative pharmacokinetics of paracetamol in men and women considering follicular and luteal phases.,pkdb/PKDB00162/study.json,no,none,,,,,,no_exact_match
Bochner1999,legacy,,Bochner1999,,,,Comparative Pharmacokinetics of Two Modified-Release Oral MorphineFormulations (Reliadol ® and Kapanol ® ) and an Immediate-Release Morphine Tablet (Morfin ‘DAK’) in Healthy Volunteers,legacy/Bochner1999/study.json,no,none,,,,,,no_exact_match
PKDB00189,pkdb,PKDB00189,Langford2016,27537754,,,Comparative Plasma and Cerebrospinal Fluid Pharmacokinetics of Paracetamol After Intravenous and Oral Administration.,pkdb/PKDB00189/study.json,yes,abstract_only,oa_W2513549118,abstracts,,https://doi.org/10.1213/ane.0000000000001463,title_exact,Abstract corpus record; no Paperclip full-text document path.
PKDB00300,pkdb,PKDB00300,Barr1990,,,,"Comparison of bioavailability, pharmacokinetics and pharmacodynamics of torasemide in young and elderly healthy volunteers.",pkdb/PKDB00300/study.json,no,none,,,,,,no_exact_match
PKDB00341,pkdb,PKDB00341,Lane2014,25414797,,,"Comparison of Caffeine and d-amphetamine in Cocaine-Dependent Subjects: Differential Outcomes on Subjective and Cardiovascular Effects, Reward Learning, and Salivary Paraxanthine.",pkdb/PKDB00341/study.json,yes,abstract_only,oa_W2125271762,abstracts,,https://doi.org/10.4172/2155-6105.1000176,title_exact,Abstract corpus record; no Paperclip full-text document path.
PKDB00470,pkdb,PKDB00470,Laizure2017,28758694,PMC5698589,10.1111/bcp.13389,Comparison of caffeine disposition following administration by oral solution (energy drink) and inspired powder (AeroShot) in human subjects.,pkdb/PKDB00470/study.json,yes,abstract_only,oa_W2740112894,abstracts,,https://doi.org/10.1111/bcp.13389,doi_exact,Abstract corpus record; no Paperclip full-text document path.
PKDB00443,pkdb,PKDB00443,Callahan1983,6135578,,,Comparison of caffeine metabolism in three nonsmoking populations after oral administration of radiolabeled caffeine.,pkdb/PKDB00443/study.json,no,none,,,,,,no_exact_match
PKDB00476,pkdb,PKDB00476,Muscat2008,18703023,PMC2597011,10.1016/j.bcp.2008.07.024,Comparison of CYP1A2 and NAT2 phenotypes between black and white smokers.,pkdb/PKDB00476/study.json,no,none,,,,,,no_exact_match
PKDB00290,pkdb,PKDB00290,Brunner1988,3285830,,,Comparison of diuretic effects and pharmacokinetics of torasemide and furosemide after a single oral dose in patients with hydropically decompensated cirrhosis of the liver.,pkdb/PKDB00290/study.json,no,none,,,,,,no_exact_match
PKDB00489,pkdb,PKDB00489,Tanaka1993,8441739,,,"Comparison of hepatic drug-oxidizing activity after simultaneous administration of two probe drugs, caffeine and trimethadione, to human subjects.",pkdb/PKDB00489/study.json,yes,abstract_only,oa_W2114382919,abstracts,,https://doi.org/10.1111/j.1600-0773.1993.tb01335.x,title_exact,Abstract corpus record; no Paperclip full-text document path.
PKDB00243,pkdb,PKDB00243,Chung2006,16580903,,,Comparison of midazolam and simvastatin as cytochrome P450 3A probes.,pkdb/PKDB00243/study.json,yes,abstract_only,oa_W2027410033,abstracts,,https://doi.org/10.1016/j.clpt.2005.11.016,title_exact,Abstract corpus record; no Paperclip full-text document path.
PKDB00130,pkdb,PKDB00130,Miners1988,3191934,,,Comparison of paracetamol metabolism in young adult and elderly males.,pkdb/PKDB00130/study.json,no,none,,,,,,no_exact_match
PKDB00393,pkdb,PKDB00393,Figg1995,8602375,,,"Comparison of quantitative methods to assess hepatic function: Pugh's classification, indocyanine green, antipyrine, and dextromethorphan.",pkdb/PKDB00393/study.json,yes,abstract_only,oa_W1595846440,abstracts,,https://doi.org/10.1002/j.1875-9114.1995.tb02884.x,title_exact,Abstract corpus record; no Paperclip full-text document path.
PKDB00288,pkdb,PKDB00288,Barbanoj2008b,19267775,,,Comparison of repeated-dose pharmacokinetics of prolonged-release and immediate-release torasemide formulations in healthy young volunteers.,pkdb/PKDB00288/study.json,yes,abstract_only,oa_W2100037820,abstracts,,https://doi.org/10.1111/j.1472-8206.2008.00643.x,title_exact,Abstract corpus record; no Paperclip full-text document path.
PKDB00517,pkdb,PKDB00517,Recto2000,11016019,,,Comparison of the efficacy and tolerability of simvastatin and atorvastatin in the treatment of hypercholesterolemia.,pkdb/PKDB00517/study.json,yes,abstract_only,oa_W2094077837,abstracts,,https://doi.org/10.1002/clc.4960230910,title_exact,Abstract corpus record; no Paperclip full-text document path.
PKDB00215,pkdb,PKDB00215,Stillings2000,10893655,,,Comparison of the pharmacokinetic profiles of soluble aspirin and solid paracetamol tablets in fed and fasted volunteers.,pkdb/PKDB00215/study.json,yes,abstract_only,oa_W1999502355,abstracts,,https://doi.org/10.1185/030079900542911,title_exact,Abstract corpus record; no Paperclip full-text document path.
PKDB00302,pkdb,PKDB00302,Lesne1988,3370062,,,Comparison of the pharmacokinetics and pharmacodynamics of torasemide and furosemide in healthy volunteers.,pkdb/PKDB00302/study.json,no,none,,,,,,no_exact_match
PKDB00378,pkdb,PKDB00378,Blanchard1985,3986081,PMC1463701,10.1111/j.1365-2125.1985.tb02635.x,Comparison of the urinary metabolite profile of caffeine in young and elderly males.,pkdb/PKDB00378/study.json,yes,abstract_only,oa_W2079892984,abstracts,,https://doi.org/10.1111/j.1365-2125.1985.tb02635.x,doi_exact,Abstract corpus record; no Paperclip full-text document path.
24151800,pmid,PKDB00583,Gaedigk2013,24151800,,,Complexities of CYP2D6 gene analysis and interpretation.,pmid/24151800/study.json,no,none,,,,,,no_exact_match
PKDB00096,pkdb,PKDB00096,Kronstrand2001,11550826,,,Concentration ratios of codeine-to-morphine in plasma after a single oral dose (100 mg) of codeine phosphate.,pkdb/PKDB00096/study.json,no,none,,,,,,no_exact_match
PKDB00321,pkdb,PKDB00321,McCrea1999,10586386,,,Concurrent administration of the erythromycin breath test (EBT) and oral midazolam as in vivo probes for CYP3A activity.,pkdb/PKDB00321/study.json,yes,abstract_only,oa_W2085134085,abstracts,,https://doi.org/10.1177/00912709922012015,title_exact,Abstract corpus record; no Paperclip full-text document path.
2121568,pmid,,Mitrakou1990,2121568,,,Contribution of abnormal muscle and liver glucose metabolism to postprandial hyperglycemia in NIDDM.,pmid/2121568/study.json,yes,abstract_only,oa_W2123668936,abstracts,,https://doi.org/10.2337/diab.39.11.1381,title_exact,Abstract corpus record; no Paperclip full-text document path.
385271,pmid,,Dollery1979,385271,,,Contribution of environmental factors to variability in human drug metabolism.,pmid/385271/study.json,yes,abstract_only,oa_W2134470706,abstracts,,https://doi.org/10.3109/03602537908993891,title_exact,Abstract corpus record; no Paperclip full-text document path.
PKDB00068,pkdb,PKDB00068,Butler1991,2015976,,,Contribution to postprandial hyperglycemia and effect on initial splanchnic glucose clearance of hepatic glucose cycling in glucose-intolerant or NIDDM patients.,pkdb/PKDB00068/study.json,yes,abstract_only,oa_W2059665153,abstracts,,https://doi.org/10.2337/diab.40.1.73,title_exact,Abstract corpus record; no Paperclip full-text document path.
PKDB00461,pkdb,PKDB00461,Holstege1989,2921843,,,Correlation of caffeine elimination and Child's classification in liver cirrhosis.,pkdb/PKDB00461/study.json,no,none,,,,,,no_exact_match
PKDB00104,pkdb,PKDB00104,ONeal1999,10517550,,,Correlation of saliva codeine concentrations with plasma concentrations after oral codeine administration.,pkdb/PKDB00104/study.json,yes,abstract_only,oa_W2167434687,abstracts,,https://doi.org/10.1093/jat/23.6.452,title_exact,Abstract corpus record; no Paperclip full-text document path.
PKDB00268,pkdb,PKDB00268,Sjoevall1983,6628509,,,CSF penetration and pharmacokinetics of midazolam.,pkdb/PKDB00268/study.json,no,none,,,,,,no_exact_match
16249913,pmid,PKDB00588,Lopez2005,16249913,,,CYP2D6 genotype and phenotype determination in a Mexican Mestizo population.,pmid/16249913/study.json,no,none,,,,,,no_exact_match
28512430,pmid,PKDB00577,Chen2017,28512430,PMC5411458,10.3389/fphar.2017.00239,"CYP2D6 Phenotyping Using Urine, Plasma, and Saliva Metabolic Ratios to Assess the Impact of CYP2D6∗10 on Interindividual Variation in a Chinese Population",pmid/28512430/study.json,yes,full_text,PMC5411458,pmc,/papers/PMC5411458/content.lines,https://paperclip.gxl.ai/citations/papers/PMC5411458,pmcid_exact,
PKDB00093,pkdb,PKDB00093,He2008,18334103,,,CYP2D6 ultrarapid metabolism and morphine/codeine ratios in blood: was it codeine or heroin?,pkdb/PKDB00093/study.json,yes,abstract_only,oa_W2122781091,abstracts,,https://doi.org/10.1093/jat/32.2.178,title_exact,Abstract corpus record; no Paperclip full-text document path.
PKDB00479,pkdb,PKDB00479,Priller2005,,,,Cytochrome P450 1A2 phenotyping for student laboratories,pkdb/PKDB00479/study.json,yes,abstract_only,oa_W1994314175,abstracts,,https://doi.org/10.1080/15602210500193219,title_exact,Abstract corpus record; no Paperclip full-text document path.
PKDB00452,pkdb,PKDB00452,Dinger2016,26599973,,,Cytochrome P450 inhibition potential of new psychoactive substances of the tryptamine class.,pkdb/PKDB00452/study.json,no,none,,,,,,no_exact_match
PKDB00186,pkdb,PKDB00186,Clements1976,10395,,,Data point weighting in pharmacokinetic analysis: intravenous paracetamol in man.,pkdb/PKDB00186/study.json,yes,abstract_only,oa_W2137118059,abstracts,,https://doi.org/10.1111/j.2042-7158.1976.tb02841.x,title_exact,Abstract corpus record; no Paperclip full-text document path.
PKDB00062,pkdb,PKDB00062,Stille1987,3480885,,,Decrease of caffeine elimination in man during co-administration of 4-quinolones.,pkdb/PKDB00062/study.json,yes,abstract_only,oa_W2040325671,abstracts,,https://doi.org/10.1093/jac/20.5.729,title_exact,Abstract corpus record; no Paperclip full-text document path.
PKDB00145,pkdb,PKDB00145,Chen1996,8988067,,,Decrease of plasma and urinary oxidative metabolites of acetaminophen after consumption of watercress by human volunteers.,pkdb/PKDB00145/study.json,yes,abstract_only,oa_W2008424779,abstracts,,https://doi.org/10.1016/s0009-9236(96)90213-1,title_exact,Abstract corpus record; no Paperclip full-text document path.
28331967,pmid,,Alatrach2017,28331967,,,Decreased basal hepatic glucose uptake in impaired fasting glucose.,pmid/28331967/study.json,no,none,,,,,,no_exact_match
PKDB00079,pkdb,PKDB00079,Jones1998,9614256,,10.1056/NEJM199806043382303,Decreased epinephrine responses to hypoglycemia during sleep.,pkdb/PKDB00079/study.json,yes,abstract_only,oa_W2340562852,abstracts,,https://doi.org/10.1056/nejm199806043382303,doi_exact,Abstract corpus record; no Paperclip full-text document path.
1732127,pmid,,Morais1992,1732127,,,Decreased glucuronidation and increased bioactivation of acetaminophen in Gilbert's syndrome.,pmid/1732127/study.json,no,none,,,,,,no_exact_match
4552828,pmid,,Cerasi1972,4552828,,,Decreased sensitivity of the pancreatic beta cells to glucose in prediabetic and diabetic subjects. A glucose dose-response study.,pmid/4552828/study.json,yes,abstract_only,oa_W2155175015,abstracts,,https://doi.org/10.2337/diab.21.4.224,title_exact,Abstract corpus record; no Paperclip full-text document path.
PKDB00439,pkdb,PKDB00439,Broughton1981,7306430,PMC1401851,10.1111/j.1365-2125.1981.tb01194.x,Decreased systemic clearance of caffeine due to cimetidine.,pkdb/PKDB00439/study.json,yes,abstract_only,oa_W1545938581,abstracts,,https://doi.org/10.1111/j.1365-2125.1981.tb01194.x,doi_exact,Abstract corpus record; no Paperclip full-text document path.
12189441,pmid,,Visboell2002,12189441,,,Defective amplification of the late phase insulin response to glucose by GIP in obese Type II diabetic patients.,pmid/12189441/study.json,no,none,,,,,,no_exact_match
PKDB00140,pkdb,PKDB00140,Miners1984,6705446,,,Determinants of acetaminophen metabolism: effect of inducers and inhibitors of drug metabolism on acetaminophen's metabolic pathways.,pkdb/PKDB00140/study.json,yes,abstract_only,oa_W2007248297,abstracts,,https://doi.org/10.1038/clpt.1984.64,title_exact,Abstract corpus record; no Paperclip full-text document path.
PKDB00399,pkdb,PKDB00399,Huet1983,6629320,,,Determinants of drug disposition in patients with cirrhosis.,pkdb/PKDB00399/study.json,yes,abstract_only,oa_W2148760504,abstracts,,https://doi.org/10.1002/hep.1840030604,title_exact,Abstract corpus record; no Paperclip full-text document path.
PKDB00484,pkdb,PKDB00484,Scott1984,6712142,,,"Determination of caffeine, theophylline and theobromine in serum and saliva using high-performance liquid chromatography.",pkdb/PKDB00484/study.json,yes,abstract_only,oa_W2319094516,abstracts,,https://doi.org/10.1177/000456328402100208,title_exact,Abstract corpus record; no Paperclip full-text document path.
8873685,pmid,PKDB00586,Jones1996,8873685,,,Determination of cytochrome P450 3A4/5 activity in vivo with dextromethorphan N-demethylation.,pmid/8873685/study.json,yes,abstract_only,oa_W2005037385,abstracts,,https://doi.org/10.1016/s0009-9236(96)90194-0,title_exact,Abstract corpus record; no Paperclip full-text document path.
Eichhold1997,legacy,PKDB00596,Eichhold1997,,,,Determination of dextromethorphan and dextrorphan in human plasma by liquid chromatography/tandem mass spectrometry,legacy/Eichhold1997/study.json,yes,abstract_only,oa_W2006371139,abstracts,,https://doi.org/10.1002/(sici)1096-9888(199711)32:11<1205::aid-jms579>3.0.co;2-c,title_exact,Abstract corpus record; no Paperclip full-text document path.
8612385,pmid,,Hou1996,8612385,,,Determination of dextromethorphan metabolic phenotype by salivary analysis with a reference to genotype in Chinese patients receiving renal hemodialysis.,pmid/8612385/study.json,yes,abstract_only,oa_W1989505035,abstracts,,https://doi.org/10.1016/s0009-9236(96)90109-5,title_exact,Abstract corpus record; no Paperclip full-text document path.
PKDB00275,pkdb,PKDB00275,Zhang2016,29403968,PMC5762444,10.1016/j.jpha.2015.11.002,Determination of torasemide in human plasma and its bioequivalence study by high-performance liquid chromatography with electrospray ionization tandem mass spectrometry.,pkdb/PKDB00275/study.json,yes,full_text,PMC5762444,pmc,/papers/PMC5762444/content.lines,https://paperclip.gxl.ai/citations/papers/PMC5762444,pmcid_exact,
PKDB00436,pkdb,PKDB00436,Begas2015,25891161,,,Development and validation of a reversed-phase HPLC method for CYP1A2 phenotyping by use of a caffeine metabolite ratio in saliva.,pkdb/PKDB00436/study.json,yes,abstract_only,oa_W1953472774,abstracts,,https://doi.org/10.1002/bmc.3475,title_exact,Abstract corpus record; no Paperclip full-text document path.
170711,pmid,,Ohneda1975a,170711,,,Diagnostic value of intravenous glucagon test in insulinoma.,pmid/170711/study.json,yes,abstract_only,oa_W2124246570,abstracts,,https://doi.org/10.1620/tjem.116.205,title_exact,Abstract corpus record; no Paperclip full-text document path.
PKDB00311,pkdb,PKDB00311,Greenblatt1980,7357789,,,Diazepam disposition determinants.,pkdb/PKDB00311/study.json,yes,abstract_only,oa_W2010669389,abstracts,,https://doi.org/10.1038/clpt.1980.40,title_exact,Abstract corpus record; no Paperclip full-text document path.
PKDB00304,pkdb,PKDB00304,Ghoneim1981,7226707,,,Diazepam effects and kinetics in Caucasians and Orientals.,pkdb/PKDB00304/study.json,yes,abstract_only,oa_W2090620287,abstracts,,https://doi.org/10.1038/clpt.1981.106,title_exact,Abstract corpus record; no Paperclip full-text document path.
PKDB00330,pkdb,PKDB00330,Ochs1981,7312934,,,Diazepam kinetics in relation to age and sex.,pkdb/PKDB00330/study.json,yes,abstract_only,oa_W2008274522,abstracts,,https://doi.org/10.1159/000137524,title_exact,Abstract corpus record; no Paperclip full-text document path.
PKDB00277,pkdb,PKDB00277,Zhang1990,2225709,,,Diazepam metabolism in native Chinese poor and extensive hydroxylators of S-mephenytoin: interethnic differences in comparison with white subjects.,pkdb/PKDB00277/study.json,yes,abstract_only,oa_W2012515901,abstracts,,https://doi.org/10.1038/clpt.1990.185,title_exact,Abstract corpus record; no Paperclip full-text document path.
PKDB00406,pkdb,PKDB00406,Martin1975,1208580,,,Differences between the plasma indocyanine green disappearance rates of normal men and women.,pkdb/PKDB00406/study.json,yes,abstract_only,oa_W2334478219,abstracts,,https://doi.org/10.3181/00379727-150-39090,title_exact,Abstract corpus record; no Paperclip full-text document path.
PKDB00434,pkdb,PKDB00434,Bchir2006,16797457,,,Differences in pharmacokinetic and electroencephalographic responses to caffeine in sleep-sensitive and non-sensitive subjects.,pkdb/PKDB00434/study.json,yes,abstract_only,oa_W1996024479,abstracts,,https://doi.org/10.1016/j.crvi.2006.01.006,title_exact,Abstract corpus record; no Paperclip full-text document path.
PKDB00027,pkdb,PKDB00027,Critchley2005,15811172,,,Differences in the single-oral-dose pharmacokinetics and urinary excretion of paracetamol and its conjugates between Hong Kong Chinese and Caucasian subjects.,pkdb/PKDB00027/study.json,yes,abstract_only,oa_W2091532170,abstracts,,https://doi.org/10.1111/j.1365-2710.2004.00626.x,title_exact,Abstract corpus record; no Paperclip full-text document path.
PKDB00359,pkdb,PKDB00359,Sugimoto2001,11753267,,,Different effects of St John's wort on the pharmacokinetics of simvastatin and pravastatin.,pkdb/PKDB00359/study.json,yes,abstract_only,oa_W2097544991,abstracts,,https://doi.org/10.1067/mcp.2001.120025,title_exact,Abstract corpus record; no Paperclip full-text document path.
PKDB00510,pkdb,PKDB00510,Keskitalo2009,19842935,,,"Different effects of the ABCG2 c.421C>A SNP on the pharmacokinetics of fluvastatin, pravastatin and simvastatin.",pkdb/PKDB00510/study.json,no,none,,,,,,no_exact_match
PKDB00166,pkdb,PKDB00166,Ochs1984,6728897,,,Differential effects of isoniazid and oral contraceptive steroids on antipyrine oxidation and acetaminophen conjugation.,pkdb/PKDB00166/study.json,yes,abstract_only,oa_W2044587642,abstracts,,https://doi.org/10.1159/000137961,title_exact,Abstract corpus record; no Paperclip full-text document path.
PKDB00201,pkdb,PKDB00201,Tsunoda1999,10579473,,,Differentiation of intestinal and hepatic cytochrome P450 3A activity with use of midazolam as an in vivo probe: effect of ketoconazole.,pkdb/PKDB00201/study.json,yes,abstract_only,oa_W2082979826,abstracts,,https://doi.org/10.1016/s0009-9236(99)70009-3,title_exact,Abstract corpus record; no Paperclip full-text document path.
2584298,pmid,,Chen1989,2584298,,,Direct determination of codeine-6-glucuronide in plasma and urine using solid-phase extraction and high-performance liquid chromatography with fluorescence detection.,pmid/2584298/study.json,no,none,,,,,,no_exact_match
PKDB00091,pkdb,PKDB00091,Chen1991,2049245,PMC1368322,,Disposition and metabolism of codeine after single and chronic doses in one poor and seven extensive metabolisers.,pkdb/PKDB00091/study.json,yes,abstract_only,oa_W2048966261,abstracts,,https://doi.org/10.1111/j.1365-2125.1991.tb05550.x,title_exact,Abstract corpus record; no Paperclip full-text document path.
PKDB00126,pkdb,PKDB00126,TangLiu1983,6848742,,,Disposition of caffeine and its metabolites in man.,pkdb/PKDB00126/study.json,no,none,,,,,,no_exact_match
PKDB00276,pkdb,PKDB00276,Giles1981,7286038,,,Disposition of intravenous diazepam in young men and women.,pkdb/PKDB00276/study.json,no,none,,,,,,no_exact_match
8375123,pmid,,Babul1993,8375123,,,Disposition of morphine and its glucuronide metabolites after oral and rectal administration: evidence of route specificity.,pmid/8375123/study.json,yes,abstract_only,oa_W2029397760,abstracts,,https://doi.org/10.1038/clpt.1993.149,title_exact,Abstract corpus record; no Paperclip full-text document path.
PKDB00459,pkdb,PKDB00459,Hashiguchi1992,1613129,,,Diurnal effect on caffeine clearance.,pkdb/PKDB00459/study.json,yes,abstract_only,oa_W2075810958,abstracts,,https://doi.org/10.1002/j.1552-4604.1992.tb03824.x,title_exact,Abstract corpus record; no Paperclip full-text document path.
PKDB00251,pkdb,PKDB00251,Bornemann1985,2932334,,,Dose dependent pharmacokinetics of midazolam.,pkdb/PKDB00251/study.json,no,none,,,,,,no_exact_match
4851431,pmid,,Chiou1974,4851431,,,Dose- and dosage form-dependent pharmacokinetics of phenacetin and its metabolite in man.,pmid/4851431/study.json,no,none,,,,,,no_exact_match
PKDB00045,pkdb,PKDB00045,Kaplan1997,9378841,,,Dose-dependent pharmacokinetics and psychomotor effects of caffeine in humans.,pkdb/PKDB00045/study.json,yes,abstract_only,oa_W2162252433,abstracts,,https://doi.org/10.1002/j.1552-4604.1997.tb04356.x,title_exact,Abstract corpus record; no Paperclip full-text document path.
PKDB00018,pkdb,PKDB00018,Cheng1990,2328560,,,Dose-dependent pharmacokinetics of caffeine in humans: relevance as a test of quantitative liver function.,pkdb/PKDB00018/study.json,yes,abstract_only,oa_W2117647529,abstracts,,https://doi.org/10.1038/clpt.1990.66,title_exact,Abstract corpus record; no Paperclip full-text document path.
PKDB00374,pkdb,PKDB00374,Tuomilehto1995,7898078,,,Dose-response of simvastatin in primary hypercholesterolemia.,pkdb/PKDB00374/study.json,yes,abstract_only,oa_W2034065782,abstracts,,https://doi.org/10.1097/00005344-199424060-00012,title_exact,Abstract corpus record; no Paperclip full-text document path.
PKDB00156,pkdb,PKDB00156,Levy1971,5572442,,,Drug biotransformation interactions in man. 3. Acetaminophen and salicylamide.,pkdb/PKDB00156/study.json,no,none,,,,,,no_exact_match
4942784,pmid,,Levy1971b,4942784,,10.1002/jps.2600600423,Drug biotransformation interactions in man. V. Acetaminophen and salicylic acid.,pmid/4942784/study.json,no,none,,,,,,no_exact_match
PKDB00138,pkdb,PKDB00138,Doroshyenko2013,23401474,,,Drug cocktail interaction study on the effect of the orally administered lavender oil preparation silexan on cytochrome P450 enzymes in healthy volunteers.,pkdb/PKDB00138/study.json,no,none,,,,,,no_exact_match
PKDB00428,pkdb,PKDB00428,Armani2017,28155129,PMC5394143,10.1007/s40261-017-0497-0,Drug Interaction Potential of Osilodrostat (LCI699) Based on Its Effect on the Pharmacokinetics of Probe Drugs of Cytochrome P450 Enzymes in Healthy Adults.,pkdb/PKDB00428/study.json,yes,full_text,PMC5394143,pmc,/papers/PMC5394143/content.lines,https://paperclip.gxl.ai/citations/papers/PMC5394143,pmcid_exact,
PKDB00262,pkdb,PKDB00262,Brodie1980,7397068,PMC1429941,10.1111/j.1365-2125.1980.tb05853.x,Drug metabolism in white vegetarians.,pkdb/PKDB00262/study.json,yes,abstract_only,oa_W2047810674,abstracts,,https://doi.org/10.1111/j.1365-2125.1980.tb05853.x,doi_exact,Abstract corpus record; no Paperclip full-text document path.
PKDB00354,pkdb,PKDB00354,Lilja2000,11061578,,,Duration of effect of grapefruit juice on the pharmacokinetics of the CYP3A4 substrate simvastatin.,pkdb/PKDB00354/study.json,yes,abstract_only,oa_W2062230123,abstracts,,https://doi.org/10.1067/mcp.2000.110216,title_exact,Abstract corpus record; no Paperclip full-text document path.
PKDB00222,pkdb,PKDB00222,HolmerPettersson2004,15242431,,,Early bioavailability of paracetamol after oral or intravenous administration.,pkdb/PKDB00222/study.json,yes,abstract_only,oa_W1985750924,abstracts,,https://doi.org/10.1111/j.0001-5172.2004.00452.x,title_exact,Abstract corpus record; no Paperclip full-text document path.
PKDB00375,pkdb,PKDB00375,Ntanios1999,9920147,,,Effect of 3-hydroxy-3-methylglutaryl coenzyme A reductase inhibitor on sterol absorption in hypercholesterolemic subjects.,pkdb/PKDB00375/study.json,no,none,,,,,,no_exact_match
PKDB00148,pkdb,PKDB00148,Volak2013,22725836,PMC3579260,10.1111/j.1365-2125.2012.04364.x,"Effect of a herbal extract containing curcumin and piperine on midazolam, flurbiprofen and paracetamol (acetaminophen) pharmacokinetics in healthy volunteers.",pkdb/PKDB00148/study.json,yes,abstract_only,oa_W2171528405,abstracts,,https://doi.org/10.1111/j.1365-2125.2012.04364.x,doi_exact,Abstract corpus record; no Paperclip full-text document path.
8690818,pmid,,Gibson1996,8690818,,,Effect of age and gender on pharmacokinetics of atorvastatin in humans.,pmid/8690818/study.json,yes,abstract_only,oa_W1987970818,abstracts,,https://doi.org/10.1002/j.1552-4604.1996.tb04194.x,title_exact,Abstract corpus record; no Paperclip full-text document path.
PKDB00426,pkdb,PKDB00426,Wood1979,445957,,,Effect of aging and cigarette smoking on antipyrine and indocyanine green elimination.,pkdb/PKDB00426/study.json,yes,abstract_only,oa_W2235916215,abstracts,,https://doi.org/10.1002/cpt197926116,title_exact,Abstract corpus record; no Paperclip full-text document path.
PKDB00353,pkdb,PKDB00353,Kim2019,30729119,PMC6343132,10.1155/2019/1365180,Effect of Cilostazol on the Pharmacokinetics of Simvastatin in Healthy Subjects.,pkdb/PKDB00353/study.json,yes,full_text,PMC6343132,pmc,/papers/PMC6343132/content.lines,https://paperclip.gxl.ai/citations/papers/PMC6343132,pmcid_exact,
17652181,pmid,PKDB00599,Nakashima2007,17652181,,,"Effect of cinacalcet hydrochloride, a new calcimimetic agent, on the pharmacokinetics of dextromethorphan: in vitro and clinical studies.",pmid/17652181/study.json,yes,abstract_only,oa_W1970490248,abstracts,,https://doi.org/10.1177/0091270007304103,title_exact,Abstract corpus record; no Paperclip full-text document path.
PKDB00100,pkdb,PKDB00100,Mikus1997,9129563,,,Effect of codeine on gastrointestinal motility in relation to CYP2D6 phenotype.,pkdb/PKDB00100/study.json,yes,abstract_only,oa_W2086942133,abstracts,,https://doi.org/10.1016/s0009-9236(97)90196-x,title_exact,Abstract corpus record; no Paperclip full-text document path.
PKDB00116,pkdb,PKDB00116,Yue1999,10027657,,,Effect of codeine on oro-cecal transit time in Chinese healthy volunteers in comparison with Caucasian subjects.,pkdb/PKDB00116/study.json,no,none,,,,,,no_exact_match
PKDB00223,pkdb,PKDB00223,Adithan1988,3271619,,,Effect of diabetes mellitus on salivary paracetamol elimination.,pkdb/PKDB00223/study.json,yes,abstract_only,oa_W2056054656,abstracts,,https://doi.org/10.1111/j.1440-1681.1988.tb01102.x,title_exact,Abstract corpus record; no Paperclip full-text document path.
PKDB00121,pkdb,PKDB00121,Ganetsky2013,23436315,PMC4383763,10.1002/jcph.24,Effect of excipients on acetaminophen metabolism and its implications for prevention of liver injury.,pkdb/PKDB00121/study.json,yes,abstract_only,oa_W1543656248,abstracts,,https://doi.org/10.1002/jcph.24,doi_exact,Abstract corpus record; no Paperclip full-text document path.
10567007,pmid,,Fery1994,10567007,,,Effect of fasting on the intracellular metabolic partition of intravenously infused glucose in humans.,pmid/10567007/study.json,yes,abstract_only,oa_W2115829193,abstracts,,https://doi.org/10.1152/ajpendo.1999.277.5.e815,title_exact,Abstract corpus record; no Paperclip full-text document path.
PKDB00153,pkdb,PKDB00153,Divoll1982b,7161411,,,Effect of food on acetaminophen absorption in young and elderly subjects.,pkdb/PKDB00153/study.json,yes,abstract_only,oa_W2121610041,abstracts,,https://doi.org/10.1002/j.1552-4604.1982.tb02651.x,title_exact,Abstract corpus record; no Paperclip full-text document path.
8568017,pmid,,Radulovic1995,8568017,,,"Effect of food on the bioavailability of atorvastatin, an HMG-CoA reductase inhibitor.",pmid/8568017/study.json,yes,abstract_only,oa_W2110079281,abstracts,,https://doi.org/10.1002/j.1552-4604.1995.tb04015.x,title_exact,Abstract corpus record; no Paperclip full-text document path.
11112089,pmid,,Whitfield2000,11112089,,,"Effect of food on the pharmacodynamics and pharmacokinetics of atorvastatin, an inhibitor of HMG-CoA reductase.",pmid/11112089/study.json,no,none,,,,,,no_exact_match
PKDB00301,pkdb,PKDB00301,Kramer1995,11850698,,,Effect of Food on the Pharmacokinetics and Pharmacodynamics of Torsemide.,pkdb/PKDB00301/study.json,yes,abstract_only,oa_W2017220337,abstracts,,https://doi.org/10.1097/00045391-199506000-00010,title_exact,Abstract corpus record; no Paperclip full-text document path.
PKDB00257,pkdb,PKDB00257,Ray1986,3732379,,,Effect of halothane anaesthesia on salivary elimination of paracetamol.,pkdb/PKDB00257/study.json,no,none,,,,,,no_exact_match
PKDB00519,pkdb,PKDB00519,Cederberg1992,1499942,,,Effect of intravenous and oral omeprazole on 24-hour intragastric acidity in duodenal ulcer patients.,pkdb/PKDB00519/study.json,no,none,,,,,,no_exact_match
PKDB00175,pkdb,PKDB00175,Rashid1990,2390429,,,"Effect of intravenous atropine on gastric emptying, paracetamol absorption, salivary flow and heart rate in young and fit elderly volunteers.",pkdb/PKDB00175/study.json,yes,abstract_only,oa_W2089552576,abstracts,,https://doi.org/10.1111/j.1365-2125.1990.tb03739.x,title_exact,Abstract corpus record; no Paperclip full-text document path.
PKDB00070,pkdb,PKDB00070,Degn2004,15331551,,10.2337/diabetes.53.9.2397,Effect of intravenous infusion of exenatide (synthetic exendin-4) on glucose-dependent insulin secretion and counterregulation during hypoglycemia.,pkdb/PKDB00070/study.json,yes,abstract_only,oa_W2115707749,abstracts,,https://doi.org/10.2337/diabetes.53.9.2397,doi_exact,Abstract corpus record; no Paperclip full-text document path.
PKDB00252,pkdb,PKDB00252,Kawaguchi-Suzuki2017,27503364,PMC5299073,10.1002/jcph.807,Effect of Low-Furanocoumarin Hybrid Grapefruit Juice Consumption on Midazolam Pharmacokinetics.,pkdb/PKDB00252/study.json,yes,abstract_only,oa_W2507593829,abstracts,,https://doi.org/10.1002/jcph.807,doi_exact,Abstract corpus record; no Paperclip full-text document path.
20041473,pmid,PKDB00595,Zawertailo2010,20041473,,,Effect of metabolic blockade on the psychoactive effects of dextromethorphan.,pmid/20041473/study.json,yes,abstract_only,oa_W2095301214,abstracts,,https://doi.org/10.1002/hup.1086,title_exact,Abstract corpus record; no Paperclip full-text document path.
PKDB00261,pkdb,PKDB00261,Tokola1984,6529526,PMC1463700,,Effect of migraine attacks on paracetamol absorption.,pkdb/PKDB00261/study.json,yes,abstract_only,oa_W2010841923,abstracts,,https://doi.org/10.1111/j.1365-2125.1984.tb02557.x,title_exact,Abstract corpus record; no Paperclip full-text document path.
PKDB00356,pkdb,PKDB00356,Harvey2018,30171779,PMC6256010,10.1111/bcp.13753,Effect of multiple-dose osimertinib on the pharmacokinetics of simvastatin and rosuvastatin.,pkdb/PKDB00356/study.json,yes,abstract_only,oa_W2889340138,abstracts,,https://doi.org/10.1111/bcp.13753,doi_exact,Abstract corpus record; no Paperclip full-text document path.
PKDB00133,pkdb,PKDB00133,Itoh2002,12079004,,,Effect of nizatidine on paracetamol and its metabolites in human plasma.,pkdb/PKDB00133/study.json,yes,abstract_only,oa_W2086583607,abstracts,,https://doi.org/10.1211/0022357021779050,title_exact,Abstract corpus record; no Paperclip full-text document path.
PKDB00042,pkdb,PKDB00042,Hetzler1990,2312486,,,Effect of paraxanthine on FFA mobilization after intravenous caffeine administration in humans.,pkdb/PKDB00042/study.json,yes,abstract_only,oa_W2185407220,abstracts,,https://doi.org/10.1152/jappl.1990.68.1.44,title_exact,Abstract corpus record; no Paperclip full-text document path.
17192506,pmid,PKDB00672,Kim2003,17192506,,,Effect of polymorphic CYP3A5 genotype on the single-dose simvastatin pharmacokinetics in healthy subjects.,pmid/17192506/study.json,no,none,,,,,,no_exact_match
PKDB00016,pkdb,PKDB00016,Carbo1989,2920498,,,Effect of quinolones on caffeine disposition.,pkdb/PKDB00016/study.json,yes,abstract_only,oa_W1995796533,abstracts,,https://doi.org/10.1038/clpt.1989.23,title_exact,Abstract corpus record; no Paperclip full-text document path.
Kyrklund2004,legacy,PKDB00547,Kyrklund2004,14748817,PMC1884432,10.1046/j.1365-2125.2003.01972.x,Effect of rifampicin on pravastatin pharmacokinetics in healthy subjects.,legacy/Kyrklund2004/study.json,yes,abstract_only,oa_W1649837843,abstracts,,https://doi.org/10.1046/j.1365-2125.2003.01972.x,doi_exact,Abstract corpus record; no Paperclip full-text document path.
PKDB00185,pkdb,PKDB00185,Ray1985,,,,Effect of short surgical procedures on salivary paracetamol elimination,pkdb/PKDB00185/study.json,yes,abstract_only,oa_W1997957428,abstracts,,https://doi.org/10.1111/j.1365-2125.1985.tb05054.x,title_exact,Abstract corpus record; no Paperclip full-text document path.
PKDB00056,pkdb,PKDB00056,Parsons1978,657717,,,Effect of smoking on caffeine clearance.,pkdb/PKDB00056/study.json,yes,abstract_only,oa_W166333077,abstracts,,https://doi.org/10.1002/cpt197824140,title_exact,Abstract corpus record; no Paperclip full-text document path.
PKDB00445,pkdb,PKDB00445,Chen2009,19534587,,,Effect of sodium tanshinone II A sulfonate on the activity of CYP1A2 in healthy volunteers.,pkdb/PKDB00445/study.json,yes,abstract_only,oa_W2065229671,abstracts,,https://doi.org/10.1080/00498250902951763,title_exact,Abstract corpus record; no Paperclip full-text document path.
4593614,pmid,,Yen1974,4593614,,,"Effect of somatostatin in patients with acromegaly: suppression of growth hormone, prolactin, insulin and glucose levels.",pmid/4593614/study.json,no,none,,,,,,no_exact_match
4430704,pmid,,Gerich1974a,4430704,,,Effect of somatostatin on plasma glucose and insulin responses to glucagon and tolbutamide in man.,pmid/4430704/study.json,yes,abstract_only,oa_W2020633985,abstracts,,https://doi.org/10.1210/jcem-39-6-1057,title_exact,Abstract corpus record; no Paperclip full-text document path.
PKDB00324,pkdb,PKDB00324,Yu2004,15289787,,,Effect of the CYP3A5 genotype on the pharmacokinetics of intravenous midazolam during inhibited and induced metabolic states.,pkdb/PKDB00324/study.json,no,none,,,,,,no_exact_match
PKDB00003,pkdb,PKDB00003,Amchin1999,10073324,,,Effect of venlafaxine on CYP1A2-dependent pharmacokinetics and metabolism of caffeine.,pkdb/PKDB00003/study.json,yes,abstract_only,oa_W1688009931,abstracts,,https://doi.org/10.1177/009127009903900308,title_exact,Abstract corpus record; no Paperclip full-text document path.
PKDB00424,pkdb,PKDB00424,Marigold1981,7261553,,,Effects of a meal on plasma clearance of [14C]glycocholic acid and indocyanine green in man.,pkdb/PKDB00424/study.json,yes,abstract_only,oa_W2307263790,abstracts,,https://doi.org/10.1042/cs0610325,title_exact,Abstract corpus record; no Paperclip full-text document path.
9272591,pmid,,Oskarsson1997,9272591,,,Effects of C-peptide on insulin-induced hypoglycaemia and its counterregulatory responses in IDDM patients.,pmid/9272591/study.json,yes,abstract_only,oa_W2014996366,abstracts,,https://doi.org/10.1002/(sici)1096-9136(199708)14:8<655::aid-dia435>3.0.co;2-g,title_exact,Abstract corpus record; no Paperclip full-text document path.
PKDB00011,pkdb,PKDB00011,Benowitz2003,14586387,,,Effects of cigarette smoking and carbon monoxide on chlorzoxazone and caffeine metabolism.,pkdb/PKDB00011/study.json,yes,abstract_only,oa_W1974472457,abstracts,,https://doi.org/10.1016/j.clpt.2003.07.001,title_exact,Abstract corpus record; no Paperclip full-text document path.
PKDB00050,pkdb,PKDB00050,May1982,7075114,,,Effects of cimetidine on caffeine disposition in smokers and nonsmokers.,pkdb/PKDB00050/study.json,yes,abstract_only,oa_W2067118836,abstracts,,https://doi.org/10.1038/clpt.1982.91,title_exact,Abstract corpus record; no Paperclip full-text document path.
PKDB00490,pkdb,PKDB00490,Tian2019,30387917,,,Effects of Common CYP1A2 Genotypes and Other Key Factors on Intraindividual Variation in the Caffeine Metabolic Ratio: An Exploratory Analysis.,pkdb/PKDB00490/study.json,no,none,,,,,,no_exact_match
PKDB00318,pkdb,PKDB00318,Kosuge2001,11560871,,,Effects of CYP3A4 inhibition by diltiazem on pharmacokinetics and dynamics of diazepam in relation to CYP2C19 genotype status.,pkdb/PKDB00318/study.json,no,none,,,,,,no_exact_match
PKDB00051,pkdb,PKDB00051,McLean2002,12235049,,,Effects of exercise and thermal stress on caffeine pharmacokinetics in men and eumenorrheic women.,pkdb/PKDB00051/study.json,yes,abstract_only,oa_W2000888136,abstracts,,https://doi.org/10.1152/japplphysiol.00762.2000,title_exact,Abstract corpus record; no Paperclip full-text document path.
PKDB00004,pkdb,PKDB00004,Backman2008,17955229,,,Effects of gender and moderate smoking on the pharmacokinetics and effects of the CYP1A2 substrate tizanidine.,pkdb/PKDB00004/study.json,no,none,,,,,,no_exact_match
PKDB00507,pkdb,PKDB00507,Crouse1999,10335764,,,Effects of high doses of simvastatin and atorvastatin on high-density lipoprotein cholesterol and apolipoprotein A-I.,pkdb/PKDB00507/study.json,no,none,,,,,,no_exact_match
PKDB00369,pkdb,PKDB00369,OBrien2003,14612892,,,"Effects of imatinib mesylate (STI571, Glivec) on the pharmacokinetics of simvastatin, a cytochrome p450 3A4 substrate, in patients with chronic myeloid leukaemia.",pkdb/PKDB00369/study.json,yes,abstract_only,oa_W2068639674,abstracts,,https://doi.org/10.1038/sj.bjc.6601152,title_exact,Abstract corpus record; no Paperclip full-text document path.
PKDB00139,pkdb,PKDB00139,Kim2011,21219400,,,Effects of imatinib mesylate on the pharmacokinetics of paracetamol (acetaminophen) in Korean patients with chronic myelogenous leukaemia.,pkdb/PKDB00139/study.json,yes,abstract_only,oa_W1482302452,abstracts,,https://doi.org/10.1111/j.1365-2125.2010.03810.x,title_exact,Abstract corpus record; no Paperclip full-text document path.
11986393,pmid,,Karpe2002,11986393,PMC2290270,10.1113/jphysiol.2001.013358,Effects of insulin on adipose tissue blood flow in man.,pmid/11986393/study.json,yes,abstract_only,oa_W1989799665,abstracts,,https://doi.org/10.1113/jphysiol.2001.013358,doi_exact,Abstract corpus record; no Paperclip full-text document path.
2691176,pmid,,Coppack1989,2691176,,,Effects of insulin on human adipose tissue metabolism in vivo.,pmid/2691176/study.json,no,none,,,,,,no_exact_match
PKDB00458,pkdb,PKDB00458,HamonVilcot2004,15359622,,,Effects of malnutrition on cytochrome P450 1A2 activity in elderly patients.,pkdb/PKDB00458/study.json,no,none,,,,,,no_exact_match
PKDB00151,pkdb,PKDB00151,Prescott1981,7306429,PMC1401868,,Effects of microsomal enzyme induction on paracetamol metabolism in man.,pkdb/PKDB00151/study.json,yes,abstract_only,oa_W1529226096,abstracts,,https://doi.org/10.1111/j.1365-2125.1981.tb01193.x,title_exact,Abstract corpus record; no Paperclip full-text document path.
PKDB00323,pkdb,PKDB00323,Shord2010,20233179,PMC2824477,10.1111/j.1365-2125.2009.03559.x,Effects of oral clotrimazole troches on the pharmacokinetics of oral and intravenous midazolam.,pkdb/PKDB00323/study.json,yes,abstract_only,oa_W1978561913,abstracts,,https://doi.org/10.1111/j.1365-2125.2009.03559.x,doi_exact,Abstract corpus record; no Paperclip full-text document path.
PKDB00158,pkdb,PKDB00158,Mitchell1983,6861437,,,Effects of oral contraceptive steroids on acetaminophen metabolism and elimination.,pkdb/PKDB00158/study.json,yes,abstract_only,oa_W1996249056,abstracts,,https://doi.org/10.1038/clpt.1983.127,title_exact,Abstract corpus record; no Paperclip full-text document path.
PKDB00357,pkdb,PKDB00357,Zhi2003,12723464,,,"Effects of orlistat, a lipase inhibitor, on the pharmacokinetics of three highly lipophilic drugs (amiodarone, fluoxetine, and simvastatin) in healthy volunteers.",pkdb/PKDB00357/study.json,yes,abstract_only,oa_W2116256659,abstracts,,https://doi.org/10.1177/0091270003252236,title_exact,Abstract corpus record; no Paperclip full-text document path.
PKDB00221,pkdb,PKDB00221,Rumble1991,2029807,,,Effects of posture and sleep on the pharmacokinetics of paracetamol (acetaminophen) and its metabolites.,pkdb/PKDB00221/study.json,no,none,,,,,,no_exact_match
PKDB00344,pkdb,PKDB00344,Lilja2004,15206993,PMC1884539,10.1111/j.1365-2125.2004.02095.x,Effects of regular consumption of grapefruit juice on the pharmacokinetics of simvastatin.,pkdb/PKDB00344/study.json,yes,abstract_only,oa_W2081571706,abstracts,,https://doi.org/10.1111/j.1365-2125.2004.02095.x,doi_exact,Abstract corpus record; no Paperclip full-text document path.
PKDB00516,pkdb,PKDB00516,Pietro1989,2646895,,,Effects of simvastatin and probucol in hypercholesterolemia (Simvastatin Multicenter Study Group II).,pkdb/PKDB00516/study.json,no,none,,,,,,no_exact_match
PKDB00512,pkdb,PKDB00512,Moelgaard1988,3402470,,,"Effects of simvastatin on plasma lipid, lipoprotein and apolipoprotein concentrations in hypercholesterolaemia.",pkdb/PKDB00512/study.json,yes,abstract_only,oa_W2224930193,abstracts,,https://doi.org/10.1093/oxfordjournals.eurheartj.a062541,title_exact,Abstract corpus record; no Paperclip full-text document path.
PKDB00398,pkdb,PKDB00398,Huet1980,7398188,,,Effects of smoking and chronic hepatitis B on lidocaine and indocyanine green kinetics.,pkdb/PKDB00398/study.json,yes,abstract_only,oa_W1993298383,abstracts,,https://doi.org/10.1038/clpt.1980.152,title_exact,Abstract corpus record; no Paperclip full-text document path.
PKDB00513,pkdb,PKDB00513,Mol1986,2877129,,,Effects of synvinolin (MK-733) on plasma lipids in familial hypercholesterolaemia.,pkdb/PKDB00513/study.json,no,none,,,,,,no_exact_match
PKDB00066,pkdb,PKDB00066,Basu2009,19196896,,,"Effects of type 2 diabetes on insulin secretion, insulin action, glucose effectiveness, and postprandial glucose metabolism.",pkdb/PKDB00066/study.json,yes,abstract_only,oa_W2160873546,abstracts,,https://doi.org/10.2337/dc08-1826,title_exact,Abstract corpus record; no Paperclip full-text document path.
PKDB00377,pkdb,PKDB00377,Walker1990,,,,Efficacy and tolerability of simvastatin (epistatin) in the elderly,pkdb/PKDB00377/study.json,no,none,,,,,,no_exact_match
PKDB00422,pkdb,PKDB00422,Kearns1990,2246703,,,Enhanced hepatic drug clearance in patients with cystic fibrosis.,pkdb/PKDB00422/study.json,no,none,,,,,,no_exact_match
PKDB00402,pkdb,PKDB00402,Keiding1993,8151094,,,"Enhancement of unbound clearance of ICG by plasma proteins, demonstrated in human subjects and interpreted without assumption of facilitating structures.",pkdb/PKDB00402/study.json,no,none,,,,,,no_exact_match
PKDB00164,pkdb,PKDB00164,Mucklow1980,7397056,PMC1430020,,Environmental factors affecting paracetamol metabolism in London factory and office workers.,pkdb/PKDB00164/study.json,yes,abstract_only,oa_W2025172768,abstracts,,https://doi.org/10.1111/j.1365-2125.1980.tb00503.x,title_exact,Abstract corpus record; no Paperclip full-text document path.
PKDB00350,pkdb,PKDB00350,Kantola1998,9728898,,,Erythromycin and verapamil considerably increase serum simvastatin and simvastatin acid concentrations.,pkdb/PKDB00350/study.json,yes,abstract_only,oa_W2077732105,abstracts,,https://doi.org/10.1016/s0009-9236(98)90151-5,title_exact,Abstract corpus record; no Paperclip full-text document path.
PKDB00448,pkdb,PKDB00448,Chia2016,26862045,,,Establishing population distribution of drug-metabolizing enzyme activities for the use of salivary caffeine as a dynamic liver function marker in a Singaporean Chinese population.,pkdb/PKDB00448/study.json,yes,abstract_only,oa_W2267713421,abstracts,,https://doi.org/10.1002/bdd.2006,title_exact,Abstract corpus record; no Paperclip full-text document path.
PKDB00404,pkdb,PKDB00404,Leevy1962,14463639,,,Estimation of hepatic blood flow with indocyanine green.,pkdb/PKDB00404/study.json,no,none,,,,,,no_exact_match
1551497,pmid,,VanCauter1992,1551497,,,Estimation of insulin secretion rates from C-peptide levels. Comparison of individual and standard kinetic parameters for C-peptide clearance.,pmid/1551497/study.json,yes,abstract_only,oa_W2018459966,abstracts,,https://doi.org/10.2337/diab.41.3.368,title_exact,Abstract corpus record; no Paperclip full-text document path.
PKDB00017,pkdb,PKDB00017,Carrillo2000a,10942180,,,"Evaluation of caffeine as an in vivo probe for CYP1A2 using measurements in plasma, saliva, and urine.",pkdb/PKDB00017/study.json,yes,abstract_only,oa_W2021097015,abstracts,,https://doi.org/10.1097/00007691-200008000-00008,title_exact,Abstract corpus record; no Paperclip full-text document path.
PKDB00420,pkdb,PKDB00420,Wakabayashi2004,15013363,,,Evaluation of liver function for hepatic resection for hepatocellular carcinoma in the liver with damaged parenchyma.,pkdb/PKDB00420/study.json,no,none,,,,,,no_exact_match
PKDB00432,pkdb,PKDB00432,Azcona1995,8554942,PMC1365159,10.1111/j.1365-2125.1995.tb04562.x,Evaluation of the central effects of alcohol and caffeine interaction.,pkdb/PKDB00432/study.json,yes,abstract_only,oa_W2002233074,abstracts,,https://doi.org/10.1111/j.1365-2125.1995.tb04562.x,doi_exact,Abstract corpus record; no Paperclip full-text document path.
31693916,pmid,,Gasbjerg2019,31693916,,,Evaluation of the incretin effect in humans using GIP and GLP-1 receptor antagonists.,pmid/31693916/study.json,no,none,,,,,,no_exact_match
1113681,pmid,,Gerich1975,1113681,,,Evidence for a physiologic role of pancreatic glucagon in human glucose homeostasis: studies with somatostatin.,pmid/1113681/study.json,no,none,,,,,,no_exact_match
PKDB00099,pkdb,PKDB00099,Loetsch2006,16413240,,,Evidence for morphine-independent central nervous opioid effects after administration of codeine: contribution of other codeine metabolites.,pkdb/PKDB00099/study.json,yes,abstract_only,oa_W2154465631,abstracts,,https://doi.org/10.1016/j.clpt.2005.09.005,title_exact,Abstract corpus record; no Paperclip full-text document path.
6041196,pmid,,Benedetti1967,6041196,,,Exaggerated insulin response to glucagon in simple obesity.,pmid/6041196/study.json,yes,abstract_only,oa_W1991148096,abstracts,,https://doi.org/10.2337/diab.16.9.666,title_exact,Abstract corpus record; no Paperclip full-text document path.
PKDB00462,pkdb,PKDB00462,Holstege1993,8445222,,,Excretion of caffeine and its primary degradation products into bile.,pkdb/PKDB00462/study.json,no,none,,,,,,no_exact_match
PKDB00217,pkdb,PKDB00217,Veronese2003,12953340,,,Exposure-dependent inhibition of intestinal and hepatic CYP3A4 in vivo by grapefruit juice.,pkdb/PKDB00217/study.json,yes,abstract_only,oa_W1990480666,abstracts,,https://doi.org/10.1177/0091270003256059,title_exact,Abstract corpus record; no Paperclip full-text document path.
21050887,pmid,PKDB00585,Hu2011,21050887,,,Floating matrix dosage form for dextromethorphan hydrobromide based on gas forming technique: in vitro and in vivo evaluation in healthy volunteers.,pmid/21050887/study.json,no,none,,,,,,no_exact_match
PKDB00019,pkdb,PKDB00019,CulmMerdek2005,16236038,PMC1884944,10.1111/j.1365-2125.2005.02467.x,Fluvoxamine impairs single-dose caffeine clearance without altering caffeine pharmacodynamics.,pkdb/PKDB00019/study.json,yes,abstract_only,oa_W2001737481,abstracts,,https://doi.org/10.1111/j.1365-2125.2005.02467.x,doi_exact,Abstract corpus record; no Paperclip full-text document path.
1895958,pmid,,Piatti1991,1895958,,,Forearm insulin- and non-insulin-mediated glucose uptake and muscle metabolism in man: role of free fatty acids and blood glucose levels.,pmid/1895958/study.json,no,none,,,,,,no_exact_match
PKDB00101,pkdb,PKDB00101,Mitchell1991,1943064,,,"Forensic drug testing for opiates, III. Urinary excretion rates of morphine and codeine following codeine administration.",pkdb/PKDB00101/study.json,yes,abstract_only,oa_W2145658882,abstracts,,https://doi.org/10.1093/jat/15.4.161,title_exact,Abstract corpus record; no Paperclip full-text document path.
8823235,pmid,,Tseng1996,8823235,,,Formation of morphine from codeine in Chinese subjects of different CYP2D6 genotypes.,pmid/8823235/study.json,yes,abstract_only,oa_W2061032344,abstracts,,https://doi.org/10.1016/s0009-9236(96)90133-2,title_exact,Abstract corpus record; no Paperclip full-text document path.
PKDB00167,pkdb,PKDB00167,Sanaka2002,,,,Gastric emptying of liquids is delayed by co-ingesting solids: a study using salivary paracetamol concentrations,pkdb/PKDB00167/study.json,no,none,,,,,,no_exact_match
PKDB00381,pkdb,PKDB00381,Millard2018,,,,Genotype and Phenotype of Caffeine Metabolism: A Biochemistry Laboratory Experiment,pkdb/PKDB00381/study.json,yes,abstract_only,oa_W2887722755,abstracts,,https://doi.org/10.1021/acs.jchemed.8b00318,title_exact,Abstract corpus record; no Paperclip full-text document path.
4138107,pmid,,Alford1974,4138107,,,Glucagon control of fasting glucose in man.,pmid/4138107/study.json,no,none,,,,,,no_exact_match
12200754,pmid,,Matsuda2002,12200754,,,Glucagon dose-response curve for hepatic glucose production and glucose disposal in type 2 diabetic patients and normal individuals.,pmid/12200754/study.json,no,none,,,,,,no_exact_match
1154379,pmid,,Ohneda1975,1154379,,,Glucagon-induced insulin secretion in normal diabetic subjects.,pmid/1154379/study.json,no,none,,,,,,no_exact_match
PKDB00074,pkdb,PKDB00074,Fery1993,8487677,,,Glucose fluxes and oxidation after an oral glucose load in patients with non-insulin-dependent diabetes mellitus of variable severity.,pkdb/PKDB00074/study.json,no,none,,,,,,no_exact_match
264686,pmid,,Sherwin1973,264686,,,Glucose homeostasis during prolonged suppression of glucagon and insulin secretion by somatostatin.,pmid/264686/study.json,yes,abstract_only,oa_W2048914685,abstracts,,https://doi.org/10.1073/pnas.74.1.348,title_exact,Abstract corpus record; no Paperclip full-text document path.
9439539,pmid,,Binh1997,9439539,,,Glucose metabolism in severe malaria: minimal model analysis of the intravenous glucose tolerance test incorporating a stable glucose label.,pmid/9439539/study.json,no,none,,,,,,no_exact_match
8622603,pmid,,Henriksen1996,8622603,,,Glucose processing during the intravenous glucose tolerance test.,pmid/8622603/study.json,no,none,,,,,,no_exact_match
3546378,pmid,,Schwartz1987,3546378,PMC424197,10.1172/JCI112884,Glycemic thresholds for activation of glucose counterregulatory systems are higher than the threshold for symptoms.,pmid/3546378/study.json,yes,abstract_only,oa_W2087707740,abstracts,,https://doi.org/10.1172/jci112884,doi_exact,Abstract corpus record; no Paperclip full-text document path.
PKDB00253,pkdb,PKDB00253,Vanakoski1996,8858279,,,Grapefruit juice does not enhance the effects of midazolam and triazolam in man.,pkdb/PKDB00253/study.json,no,none,,,,,,no_exact_match
PKDB00208,pkdb,PKDB00208,Rogers1999,10546919,,,Grapefruit juice has minimal effects on plasma concentrations of lovastatin-derived 3-hydroxy-3-methylglutaryl coenzyme A reductase inhibitors.,pkdb/PKDB00208/study.json,yes,abstract_only,oa_W2108450929,abstracts,,https://doi.org/10.1053/cp.1999.v66.a101208,title_exact,Abstract corpus record; no Paperclip full-text document path.
10460065,pmid,,Lilja1999,10460065,,,Grapefruit juice increases serum concentrations of atorvastatin and has no effect on pravastatin.,pmid/10460065/study.json,yes,abstract_only,oa_W2099891679,abstracts,,https://doi.org/10.1053/cp.1999.v66.100453001,title_exact,Abstract corpus record; no Paperclip full-text document path.
PKDB00342,pkdb,PKDB00342,Lilja1998,9834039,,,"Grapefruit juice-simvastatin interaction: effect on serum concentrations of simvastatin, simvastatin acid, and HMG-CoA reductase inhibitors.",pkdb/PKDB00342/study.json,yes,abstract_only,oa_W1966132884,abstracts,,https://doi.org/10.1016/s0009-9236(98)90130-8,title_exact,Abstract corpus record; no Paperclip full-text document path.
PKDB00401,pkdb,PKDB00401,Kawasaki1988,3396264,,,"Hepatic clearances of antipyrine, indocyanine green, and galactose in normal subjects and in patients with chronic liver diseases.",pkdb/PKDB00401/study.json,yes,abstract_only,oa_W1988747484,abstracts,,https://doi.org/10.1038/clpt.1988.140,title_exact,Abstract corpus record; no Paperclip full-text document path.
6141519,pmid,,Bratusch-Marrain1984,6141519,,,Hepatic disposal of biosynthetic human insulin and porcine C-peptide in humans.,pmid/6141519/study.json,no,none,,,,,,no_exact_match
PKDB00503,pkdb,PKDB00503,Hashimoto2000,10896825,,,Hepatic parenchymal cell volume and the indocyanine green tolerance test.,pkdb/PKDB00503/study.json,no,none,,,,,,no_exact_match
PKDB00473,pkdb,PKDB00473,Matthaei2016,27509179,,,Heritability of Caffeine Metabolism: Environmental Effects Masking Genetic Effects on CYP1A2 Activity but Not on NAT2.,pkdb/PKDB00473/study.json,yes,abstract_only,oa_W2511206446,abstracts,,https://doi.org/10.1002/cpt.444,title_exact,Abstract corpus record; no Paperclip full-text document path.
10412886,pmid,,Esteban1999,10412886,,,Heterogeneity of paracetamol metabolism in Gilbert's syndrome.,pmid/10412886/study.json,no,none,,,,,,no_exact_match
PKDB00082,pkdb,PKDB00082,Mitrakou1991,1987794,,,"Hierarchy of glycemic thresholds for counterregulatory hormone secretion, symptoms, and cerebral dysfunction.",pkdb/PKDB00082/study.json,yes,abstract_only,oa_W1946033027,abstracts,,https://doi.org/10.1152/ajpendo.1991.260.1.e67,title_exact,Abstract corpus record; no Paperclip full-text document path.
Niemi2004,legacy,PKDB00550,Niemi2004,15226675,,,"High plasma pravastatin concentrations are associated with single nucleotide polymorphisms and haplotypes of organic anion transporting polypeptide-C (OATP-C, SLCO1B1).",legacy/Niemi2004/study.json,yes,abstract_only,oa_W2039986849,abstracts,,https://doi.org/10.1097/01.fpc.0000114750.08559.32,title_exact,Abstract corpus record; no Paperclip full-text document path.
PKDB00023,pkdb,PKDB00023,Ameer1981,7320146,,,High-performance liquid chromatographic determination of acetaminophen in plasma: single-dose pharmacokinetic studies.,pkdb/PKDB00023/study.json,no,none,,,,,,no_exact_match
PKDB00054,pkdb,PKDB00054,Oh2012,22483397,,,High-sensitivity liquid chromatography-tandem mass spectrometry for the simultaneous determination of five drugs and their cytochrome P450-specific probe metabolites in human plasma.,pkdb/PKDB00054/study.json,no,none,,,,,,no_exact_match
PKDB00454,pkdb,PKDB00454,Furge2006,21591074,,,HPLC determination of caffeine and paraxanthine in urine: An assay for cytochrome P450 1A2 activity.,pkdb/PKDB00454/study.json,yes,abstract_only,oa_W2094706816,abstracts,,https://doi.org/10.1002/bmb.28,title_exact,Abstract corpus record; no Paperclip full-text document path.
PKDB00442,pkdb,PKDB00442,Callahan1982,6126344,,,Human metabolism of [1-methyl-14C]- and [2-14C]caffeine after oral administration.,pkdb/PKDB00442/study.json,no,none,,,,,,no_exact_match
7983238,pmid,,Band1994,7983238,,,Human pharmacokinetic study of immediate-release (codeine phosphate) and sustained-release (codeine Contin) codeine.,pmid/7983238/study.json,yes,abstract_only,oa_W2133318492,abstracts,,https://doi.org/10.1002/j.1552-4604.1994.tb04008.x,title_exact,Abstract corpus record; no Paperclip full-text document path.
1903069,pmid,,Owens1990,1903069,,,Hypercholesterolaemia: simvastatin and pravastatin alter cholesterol metabolism by different mechanisms.,pmid/1903069/study.json,no,none,,,,,,no_exact_match
1246330,pmid,,Sherwin1976,1246330,,,"Hyperglucagonemia and blood glucose regulation in normal, obese and diabetic subjects.",pmid/1246330/study.json,yes,abstract_only,oa_W2332286485,abstracts,,https://doi.org/10.1056/nejm197602262940901,title_exact,Abstract corpus record; no Paperclip full-text document path.
11872673,pmid,,Segel2002,11872673,,,Hypoglycemia-associated autonomic failure in advanced type 2 diabetes.,pmid/11872673/study.json,yes,abstract_only,oa_W2169041612,abstracts,,https://doi.org/10.2337/diabetes.51.3.724,title_exact,Abstract corpus record; no Paperclip full-text document path.
PKDB00415,pkdb,PKDB00415,Okochi2002,11855925,,,ICG pulse spectrophotometry for perioperative liver function in hepatectomy.,pkdb/PKDB00415/study.json,no,none,,,,,,no_exact_match
Fux2005,legacy,,Fux2005,16198657,,,Impact of CYP2D6 genotype on adverse effects during treatment with metoprolol: a prospective clinical study.,legacy/Fux2005/study.json,no,none,,,,,,no_exact_match
PKDB00204,pkdb,PKDB00204,Desmeules1991,1782973,,,Impact of environmental and genetic factors on codeine analgesia.,pkdb/PKDB00204/study.json,no,none,,,,,,no_exact_match
10381807,pmid,,Caraco1999,10381807,,,Impact of ethnic origin and quinidine coadministration on codeine's disposition and pharmacodynamic effects.,pmid/10381807/study.json,no,none,,,,,,no_exact_match
PKDB00076,pkdb,PKDB00076,Henkel2005,16125528,,,Impact of glucagon response on postprandial hyperglycemia in men with impaired glucose tolerance and type 2 diabetes mellitus.,pkdb/PKDB00076/study.json,no,none,,,,,,no_exact_match
10444424,pmid,,Shah1999,10444424,,,Impact of lack of suppression of glucagon on glucose tolerance in humans.,pmid/10444424/study.json,yes,abstract_only,oa_W2153770190,abstracts,,https://doi.org/10.1152/ajpendo.1999.277.2.e283,title_exact,Abstract corpus record; no Paperclip full-text document path.
PKDB00107,pkdb,PKDB00107,Sindrup1996,8706777,,,Impact of quinidine on plasma and cerebrospinal fluid concentrations of codeine and morphine after codeine intake.,pkdb/PKDB00107/study.json,no,none,,,,,,no_exact_match
21593735,pmid,,Dobrinas2011,21593735,,,"Impact of smoking, smoking cessation, and genetic polymorphisms on CYP1A2 activity and inducibility.",pmid/21593735/study.json,yes,abstract_only,oa_W2004146675,abstracts,,https://doi.org/10.1038/clpt.2011.70,title_exact,Abstract corpus record; no Paperclip full-text document path.
PKDB00535,pkdb,PKDB00535,Kirchheiner2004,15470329,,,Impact of the ultrarapid metabolizer genotype of cytochrome P450 2D6 on metoprolol pharmacokinetics and pharmacodynamics.,pkdb/PKDB00535/study.json,yes,abstract_only,oa_W2098591026,abstracts,,https://doi.org/10.1016/j.clpt.2004.07.002,title_exact,Abstract corpus record; no Paperclip full-text document path.
PKDB00224,pkdb,PKDB00224,Prescott1993,9114910,PMC1364644,,Impaired absorption of paracetamol in vegetarians.,pkdb/PKDB00224/study.json,yes,abstract_only,oa_W2115380038,abstracts,,https://doi.org/10.1111/j.1365-2125.1993.tb04223.x,title_exact,Abstract corpus record; no Paperclip full-text document path.
PKDB00057,pkdb,PKDB00057,Patwardhan1980,7359014,,,Impaired elimination of caffeine by oral contraceptive steroids.,pkdb/PKDB00057/study.json,no,none,,,,,,no_exact_match
PKDB00384,pkdb,PKDB00384,Desmond1980,7371463,,,Impaired elimination of caffeine in cirrhosis.,pkdb/PKDB00384/study.json,no,none,,,,,,no_exact_match
21252240,pmid,,Bagger2011,21252240,,,Impaired regulation of the incretin effect in patients with type 2 diabetes.,pmid/21252240/study.json,yes,abstract_only,oa_W2041551639,abstracts,,https://doi.org/10.1210/jc.2010-2435,title_exact,Abstract corpus record; no Paperclip full-text document path.
PKDB00001,pkdb,PKDB00001,Abernethy1985,4029248,,,Impairment of caffeine clearance by chronic use of low-dose oestrogen-containing oral contraceptives.,pkdb/PKDB00001/study.json,no,none,,,,,,no_exact_match
PKDB00284,pkdb,PKDB00284,Abernethy1982b,7062953,,,Impairment of diazepam metabolism by low-dose estrogen-containing oral-contraceptive steroids.,pkdb/PKDB00284/study.json,yes,abstract_only,oa_W2056939792,abstracts,,https://doi.org/10.1056/nejm198204013061307,title_exact,Abstract corpus record; no Paperclip full-text document path.
PKDB00278,pkdb,PKDB00278,Bertilsson1989,2495208,,,"Importance of genetic factors in the regulation of diazepam metabolism: relationship to S-mephenytoin, but not debrisoquin, hydroxylation phenotype.",pkdb/PKDB00278/study.json,yes,abstract_only,oa_W1976138388,abstracts,,https://doi.org/10.1038/clpt.1989.40,title_exact,Abstract corpus record; no Paperclip full-text document path.
PKDB00089,pkdb,PKDB00089,Ammon2002,10997932,,,In vitro interaction of codeine and diclofenac.,pkdb/PKDB00089/study.json,no,none,,,,,,no_exact_match
PKDB00457,pkdb,PKDB00457,Gurley2005b,15900287,PMC1894911,10.1016/j.clpt.2005.01.009,"In vivo effects of goldenseal, kava kava, black cohosh, and valerian on human cytochrome P450 1A2, 2D6, 2E1, and 3A4/5 phenotypes.",pkdb/PKDB00457/study.json,yes,abstract_only,oa_W1966006812,abstracts,,https://doi.org/10.1016/j.clpt.2005.01.009,doi_exact,Abstract corpus record; no Paperclip full-text document path.
PKDB00009,pkdb,PKDB00009,Begas2007,17221922,,,"In vivo evaluation of CYP1A2, CYP2A6, NAT-2 and xanthine oxidase activities in a Greek population sample by the RP-HPLC monitoring of caffeine metabolic ratios.",pkdb/PKDB00009/study.json,no,none,,,,,,no_exact_match
11214771,pmid,PKDB00578,Chladek2000,11214771,,,In-vivo indices of CYP2D6 activity: comparison of dextromethorphan metabolic ratios in 4-h urine and 3-h plasma.,pmid/11214771/study.json,no,none,,,,,,no_exact_match
PKDB00081,pkdb,PKDB00081,Knop2007,20103744,,10.1152/ajpendo.00700.2009,Inappropriate glucagon response after oral compared with isoglycemic intravenous glucose administration in patients with type 1 diabetes.,pkdb/PKDB00081/study.json,yes,abstract_only,oa_W2135741828,abstracts,,https://doi.org/10.1152/ajpendo.00700.2009,doi_exact,Abstract corpus record; no Paperclip full-text document path.
PKDB00197,pkdb,PKDB00197,Abernethy1982a,6897933,,,Increased metabolic clearance of acetaminophen with oral contraceptive use.,pkdb/PKDB00197/study.json,no,none,,,,,,no_exact_match
3522621,pmid,,Nauck1986,3522621,,,Incretin effects of increasing glucose loads in man calculated from venous insulin and C-peptide responses.,pmid/3522621/study.json,yes,abstract_only,oa_W2004977380,abstracts,,https://doi.org/10.1210/jcem-63-2-492,title_exact,Abstract corpus record; no Paperclip full-text document path.
PKDB00405,pkdb,PKDB00405,Leevy1967,6071462,,,Indocyanine green clearance as a test for hepatic function. Evaluation by dichromatic ear densitometry.,pkdb/PKDB00405/study.json,yes,abstract_only,oa_W4249486366,abstracts,,https://doi.org/10.1001/jama.200.3.236,title_exact,Abstract corpus record; no Paperclip full-text document path.
PKDB00388,pkdb,PKDB00388,Burns1991,1848168,,,Indocyanine green elimination in patients with liver disease and in normal subjects.,pkdb/PKDB00388/study.json,yes,abstract_only,oa_W2435059856,abstracts,,https://doi.org/10.1042/cs0800155,title_exact,Abstract corpus record; no Paperclip full-text document path.
PKDB00414,pkdb,PKDB00414,Niemann2000,10801242,,,Indocyanine green kinetics characterize blood volume and flow distribution and their alteration by propranolol.,pkdb/PKDB00414/study.json,yes,abstract_only,oa_W2076218874,abstracts,,https://doi.org/10.1067/mcp.2000.104945,title_exact,Abstract corpus record; no Paperclip full-text document path.
PKDB00400,pkdb,PKDB00400,Kanstrup1987,3816112,,,Indocyanine green plasma clearance as a measure of changes in hepatic blood flow.,pkdb/PKDB00400/study.json,yes,abstract_only,oa_W1994717728,abstracts,,https://doi.org/10.1111/j.1475-097x.1987.tb00633.x,title_exact,Abstract corpus record; no Paperclip full-text document path.
PKDB00505,pkdb,PKDB00505,Pind2016,27172450,,,Indocyanine green retention test (ICG-r15) as a noninvasive predictor of portal hypertension in patients with different severity of cirrhosis.,pkdb/PKDB00505/study.json,yes,abstract_only,oa_W2360260480,abstracts,,https://doi.org/10.1097/meg.0000000000000611,title_exact,Abstract corpus record; no Paperclip full-text document path.
PKDB00410,pkdb,PKDB00410,Moeller2018,30221390,,,Indocyanine green retention test in cirrhosis and portal hypertension: Accuracy and relation to severity of disease.,pkdb/PKDB00410/study.json,yes,abstract_only,oa_W2891062561,abstracts,,https://doi.org/10.1111/jgh.14470,title_exact,Abstract corpus record; no Paperclip full-text document path.
PKDB00390,pkdb,PKDB00390,Cherrik1960,13809697,PMC293343,10.1172/JCI104072,"Indocyanine green: observations on its physical properties, plasma decay, and hepatic extraction.",pkdb/PKDB00390/study.json,yes,abstract_only,oa_W2129028425,abstracts,,https://doi.org/10.1172/jci104072,doi_exact,Abstract corpus record; no Paperclip full-text document path.
PKDB00453,pkdb,PKDB00453,Djordjevic2008,18157525,,,Induction of CYP1A2 by heavy coffee consumption in Serbs and Swedes.,pkdb/PKDB00453/study.json,no,none,,,,,,no_exact_match
PKDB00176,pkdb,PKDB00176,Bedjaoui1984,,,,Influence de l'âge et du sexe sur la pharmacocinétique du paracétamol,pkdb/PKDB00176/study.json,no,none,,,,,,no_exact_match
PKDB00351,pkdb,PKDB00351,Cheng1992,1488408,,,Influence of age and gender on the plasma profiles of 3-hydroxy-3-methylglutaryl-coenzyme A (HMG-CoA) reductase inhibitory activity following multiple doses of lovastatin and simvastatin.,pkdb/PKDB00351/study.json,no,none,,,,,,no_exact_match
PKDB00034,pkdb,PKDB00034,George1986,3802578,,,Influence of alcohol and caffeine consumption on caffeine elimination.,pkdb/PKDB00034/study.json,yes,abstract_only,oa_W2150318679,abstracts,,https://doi.org/10.1111/j.1440-1681.1986.tb02414.x,title_exact,Abstract corpus record; no Paperclip full-text document path.
PKDB00532,pkdb,PKDB00532,Cerqueira2005,16291718,,,Influence of chronic renal failure on stereoselective metoprolol metabolism in hypertensive patients.,pkdb/PKDB00532/study.json,yes,abstract_only,oa_W2048604678,abstracts,,https://doi.org/10.1177/0091270005281816,title_exact,Abstract corpus record; no Paperclip full-text document path.
PKDB00533,pkdb,PKDB00533,Jin2008,18834373,,,Influence of CYP2D6*10 on the pharmacokinetics of metoprolol in healthy Korean volunteers.,pkdb/PKDB00533/study.json,no,none,,,,,,no_exact_match
PKDB00006,pkdb,PKDB00006,Balogh1995,7589032,,,Influence of ethinylestradiol-containing combination oral contraceptives with gestodene or levonorgestrel on caffeine elimination.,pkdb/PKDB00006/study.json,no,none,,,,,,no_exact_match
PKDB00455,pkdb,PKDB00455,Gunes2009,19450128,,,"Influence of genetic polymorphisms, smoking, gender and age on CYP1A2 activity in a Turkish population.",pkdb/PKDB00455/study.json,yes,abstract_only,oa_W2054786439,abstracts,,https://doi.org/10.2217/pgs.09.22,title_exact,Abstract corpus record; no Paperclip full-text document path.
Gugilla2002,legacy,,Gugilla2002,12142633,,,Influence of menstrual cycle on the pharmacokinetics of paracetamol through salivary compartment in healthy subjects.,legacy/Gugilla2002/study.json,yes,abstract_only,oa_W2328575191,abstracts,,https://doi.org/10.1097/00007691-200208000-00006,title_exact,Abstract corpus record; no Paperclip full-text document path.
PKDB00385,pkdb,PKDB00385,Joeres1987,3628469,,,Influence of mexiletine on caffeine elimination.,pkdb/PKDB00385/study.json,no,none,,,,,,no_exact_match
956401,pmid,,Felig1976,956401,PMC333235,10.1172/JCI108523,Influence of physiologic hyperglucagonemia on basal and insulin-inhibited splanchnic glucose output in normal man.,pmid/956401/study.json,yes,abstract_only,oa_W1984224264,abstracts,,https://doi.org/10.1172/jci108523,doi_exact,Abstract corpus record; no Paperclip full-text document path.
PKDB00150,pkdb,PKDB00150,Miners1983,6416284,PMC1428054,10.1111/j.1365-2125.1983.tb02207.x,Influence of sex and oral contraceptive steroids on paracetamol metabolism.,pkdb/PKDB00150/study.json,yes,abstract_only,oa_W2054944069,abstracts,,https://doi.org/10.1111/j.1365-2125.1983.tb02207.x,doi_exact,Abstract corpus record; no Paperclip full-text document path.
12058342,pmid,PKDB00650,Geiss2002,12058342,,,Influence of simvastatin on LDL-subtypes in patients with heterozygous familial hypercholesterolemia and in patients with diabetes mellitus and mixed hyperlipoproteinemia.,pmid/12058342/study.json,yes,abstract_only,oa_W2005516314,abstracts,,https://doi.org/10.1055/s-2002-32150,title_exact,Abstract corpus record; no Paperclip full-text document path.
PKDB00044,pkdb,PKDB00044,Joeres1988,3371873,,,Influence of smoking on caffeine elimination in healthy volunteers and in patients with alcoholic liver cirrhosis.,pkdb/PKDB00044/study.json,yes,abstract_only,oa_W1989473417,abstracts,,https://doi.org/10.1002/hep.1840080323,title_exact,Abstract corpus record; no Paperclip full-text document path.
833277,pmid,,Wahren1977,833277,PMC333360,10.1172/JCI108641,Influence of somatostatin on splanchnic glucose metabolism in postabsorptive and 60-hour fasted humans.,pmid/833277/study.json,yes,abstract_only,oa_W2004890167,abstracts,,https://doi.org/10.1172/jci108641,doi_exact,Abstract corpus record; no Paperclip full-text document path.
PKDB00103,pkdb,PKDB00103,Molanaei2010,19940985,,,Influence of the CYP2D6 polymorphism and hemodialysis on codeine disposition in patients with end-stage renal disease.,pkdb/PKDB00103/study.json,yes,abstract_only,oa_W2007504753,abstracts,,https://doi.org/10.1007/s00228-009-0759-8,title_exact,Abstract corpus record; no Paperclip full-text document path.
PKDB00135,pkdb,PKDB00135,Hoogwerf1986,3511350,,,"Infusion of synthetic human C-peptide does not affect plasma glucose, serum insulin, or plasma glucagon in healthy subjects.",pkdb/PKDB00135/study.json,no,none,,,,,,no_exact_match
3722329,pmid,,LicinioPaixao1986,3722329,,,Ingestion of a mixed meal does not affect the metabolic clearance rate of biosynthetic human C-peptide.,pmid/3722329/study.json,yes,abstract_only,oa_W1975894647,abstracts,,https://doi.org/10.1210/jcem-63-2-401,title_exact,Abstract corpus record; no Paperclip full-text document path.
PKDB00438,pkdb,PKDB00438,Brazier1980,7371698,,,Inhibition by idrocilamide of the disposition of caffeine.,pkdb/PKDB00438/study.json,no,none,,,,,,no_exact_match
PKDB00314,pkdb,PKDB00314,Perucca1994,7955810,,,Inhibition of diazepam metabolism by fluvoxamine: a pharmacokinetic study in normal volunteers.,pkdb/PKDB00314/study.json,yes,abstract_only,oa_W2059888400,abstracts,,https://doi.org/10.1038/clpt.1994.167,title_exact,Abstract corpus record; no Paperclip full-text document path.
PKDB00008,pkdb,PKDB00008,Beach1986,3948467,,,Inhibition of elimination of caffeine by disulfiram in normal subjects and recovering alcoholics.,pkdb/PKDB00008/study.json,yes,abstract_only,oa_W2017718637,abstracts,,https://doi.org/10.1038/clpt.1986.37,title_exact,Abstract corpus record; no Paperclip full-text document path.
4127645,pmid,,Alberti1973,4127645,,,Inhibition of insulin secretion by somatostatin.,pmid/4127645/study.json,no,none,,,,,,no_exact_match
PKDB00033,pkdb,PKDB00033,Fuhr1993a,8485024,PMC1381556,,"Inhibitory effect of grapefruit juice and its bitter principal, naringenin, on CYP1A2 dependent metabolism of caffeine in man.",pkdb/PKDB00033/study.json,yes,abstract_only,oa_W2079752760,abstracts,,https://doi.org/10.1111/j.1365-2125.1993.tb04162.x,title_exact,Abstract corpus record; no Paperclip full-text document path.
3514335,pmid,,Hampton1986,3514335,,,Insulin and C-peptide levels after oral and intravenous glucose. Contribution of enteroinsular axis to insulin secretion.,pmid/3514335/study.json,yes,abstract_only,oa_W1979251485,abstracts,,https://doi.org/10.2337/diab.35.5.612,title_exact,Abstract corpus record; no Paperclip full-text document path.
PKDB00263,pkdb,PKDB00263,Shapiro1987,3315785,,,Insulin secretion and clearance. Comparison after oral and intravenous glucose.,pkdb/PKDB00263/study.json,yes,abstract_only,oa_W2047015653,abstracts,,https://doi.org/10.2337/diab.36.12.1365,title_exact,Abstract corpus record; no Paperclip full-text document path.
PKDB00515,pkdb,PKDB00515,Nishio2005,16097365,,,Interaction between amlodipine and simvastatin in patients with hypercholesterolemia and hypertension.,pkdb/PKDB00515/study.json,yes,abstract_only,oa_W2069069910,abstracts,,https://doi.org/10.1291/hypres.28.223,title_exact,Abstract corpus record; no Paperclip full-text document path.
PKDB00207,pkdb,PKDB00207,Kupferschmidt1995,7628179,,,Interaction between grapefruit juice and midazolam in humans.,pkdb/PKDB00207/study.json,yes,abstract_only,oa_W2013822904,abstracts,,https://doi.org/10.1016/0009-9236(95)90068-3,title_exact,Abstract corpus record; no Paperclip full-text document path.
PKDB00040,pkdb,PKDB00040,Healy1989,2729942,PMC172463,,Interaction between oral ciprofloxacin and caffeine in normal volunteers.,pkdb/PKDB00040/study.json,yes,abstract_only,oa_W2050824432,abstracts,,https://doi.org/10.1128/aac.33.4.474,title_exact,Abstract corpus record; no Paperclip full-text document path.
PKDB00467,pkdb,PKDB00467,KinzigSchippers1999,10096258,,,Interaction of pefloxacin and enoxacin with the human cytochrome P450 enzyme CYP1A2.,pkdb/PKDB00467/study.json,yes,abstract_only,oa_W2106820983,abstracts,,https://doi.org/10.1016/s0009-9236(99)70105-0,title_exact,Abstract corpus record; no Paperclip full-text document path.
PKDB00328,pkdb,PKDB00328,Darwish2008,18076219,,,"Interaction profile of armodafinil with medications metabolized by cytochrome P450 enzymes 1A2, 3A4 and 2C19 in healthy subjects.",pkdb/PKDB00328/study.json,no,none,,,,,,no_exact_match
PKDB00370,pkdb,PKDB00370,Prueksaritanont2001,11361054,,,Interactions between simvastatin and troglitazone or pioglitazone in healthy subjects.,pkdb/PKDB00370/study.json,yes,abstract_only,oa_W2122599308,abstracts,,https://doi.org/10.1177/00912700122010311,title_exact,Abstract corpus record; no Paperclip full-text document path.
PKDB00143,pkdb,PKDB00143,Osborne1991,1768572,,,Interethnic differences in drug glucuronidation: a comparison of paracetamol metabolism in Caucasians and Chinese.,pkdb/PKDB00143/study.json,yes,abstract_only,oa_W1523805757,abstracts,,https://doi.org/10.1111/j.1365-2125.1991.tb03988.x,title_exact,Abstract corpus record; no Paperclip full-text document path.
PKDB00112,pkdb,PKDB00112,Yue1989a,2611085,PMC1380033,,Interindividual and interethnic differences in the demethylation and glucuronidation of codeine.,pkdb/PKDB00112/study.json,yes,abstract_only,oa_W2096091093,abstracts,,https://doi.org/10.1111/j.1365-2125.1989.tb03555.x,title_exact,Abstract corpus record; no Paperclip full-text document path.
PKDB00005,pkdb,PKDB00005,Balogh1992,1304170,,,Intra-individual variability of caffeine elimination in healthy subjects.,pkdb/PKDB00005/study.json,no,none,,,,,,no_exact_match
PKDB00183,pkdb,PKDB00183,Paintaud1998,9516037,,,Intraindividual variability of paracetamol absorption kinetics after a semi-solid meal in healthy volunteers.,pkdb/PKDB00183/study.json,no,none,,,,,,no_exact_match
PKDB00419,pkdb,PKDB00419,Thomas2015,25581073,PMC4430775,10.1111/hpb.12380,Intraoperative simulation of remnant liver function during anatomic liver resection with indocyanine green clearance (LiMON) measurements.,pkdb/PKDB00419/study.json,no,none,,,,,,no_exact_match
PKDB00211,pkdb,PKDB00211,Kharasch2004,15536460,,,Intravenous and oral alfentanil as in vivo probes for hepatic and first-pass cytochrome P450 3A activity: noninvasive assessment by use of pupillary miosis.,pkdb/PKDB00211/study.json,yes,abstract_only,oa_W1987952101,abstracts,,https://doi.org/10.1016/j.clpt.2004.07.006,title_exact,Abstract corpus record; no Paperclip full-text document path.
PKDB00528,pkdb,PKDB00528,Walt1985,4029717,PMC1432870,10.1136/gut.26.9.902,Intravenous omeprazole rapidly raises intragastric pH.,pkdb/PKDB00528/study.json,yes,abstract_only,oa_W2151461746,abstracts,,https://doi.org/10.1136/gut.26.9.902,doi_exact,Abstract corpus record; no Paperclip full-text document path.
10340911,pmid,PKDB00573,Abdelrahman1999,10340911,,,Investigation of terbinafine as a CYP2D6 inhibitor in vivo.,pmid/10340911/study.json,yes,abstract_only,oa_W2031205523,abstracts,,https://doi.org/10.1016/s0009-9236(99)70065-2,title_exact,Abstract corpus record; no Paperclip full-text document path.
PKDB00360,pkdb,PKDB00360,Marino2000,10934672,,,Irbesartan does not affect the pharmacokinetics of simvastatin in healthy subjects.,pkdb/PKDB00360/study.json,yes,abstract_only,oa_W2101938855,abstracts,,https://doi.org/10.1177/00912700022009611,title_exact,Abstract corpus record; no Paperclip full-text document path.
PKDB00480,pkdb,PKDB00480,Puri2020,32071850,PMC7016269,10.1016/j.jobcr.2020.01.010,"Is there a sex difference in adult salivary clearance of caffeine (1,3,7-trimethylpurine-2,6-dione)?",pkdb/PKDB00480/study.json,no,none,,,,,,no_exact_match
PKDB00298,pkdb,PKDB00298,Greenblatt2004,15145968,,,"Kinetics and EEG effects of midazolam during and after 1-minute, 1-hour, and 3-hour intravenous infusions.",pkdb/PKDB00298/study.json,yes,abstract_only,oa_W1988905278,abstracts,,https://doi.org/10.1177/0091270004265368,title_exact,Abstract corpus record; no Paperclip full-text document path.
7002186,pmid,,Prescott1980,7002186,PMC1430174,,Kinetics and metabolism of paracetamol and phenacetin.,pmid/7002186/study.json,yes,abstract_only,oa_W2008839228,abstracts,,https://doi.org/10.1111/j.1365-2125.1980.tb01812.x,title_exact,Abstract corpus record; no Paperclip full-text document path.
PKDB00188,pkdb,PKDB00188,Clements1978,688732,,,Kinetics of acetaminophen absorption and gastric emptying in man.,pkdb/PKDB00188/study.json,yes,abstract_only,oa_W2260970843,abstracts,,https://doi.org/10.1002/cpt1978244420,title_exact,Abstract corpus record; no Paperclip full-text document path.
PKDB00331,pkdb,PKDB00331,Ochs1985,3155675,,,"Kinetics of diazepam, midazolam, and lorazepam in cigarette smokers.",pkdb/PKDB00331/study.json,no,none,,,,,,no_exact_match
659633,pmid,,Faber1978,659633,PMC371754,10.1172/JCI109106,Kinetics of human connecting peptide in normal and diabetic subjects.,pmid/659633/study.json,yes,abstract_only,oa_W2072271848,abstracts,,https://doi.org/10.1172/jci109106,doi_exact,Abstract corpus record; no Paperclip full-text document path.
PKDB00194,pkdb,PKDB00194,Nelson1963,,,,Kinetics of the Metabolism of Acetaminophen by Humans,pkdb/PKDB00194/study.json,no,none,,,,,,no_exact_match
2198434,pmid,,Wojcikowski1990,2198434,,,Lack of effect of high-dose biosynthetic human C-peptide on pancreatic hormone release in normal subjects.,pmid/2198434/study.json,no,none,,,,,,no_exact_match
PKDB00108,pkdb,PKDB00108,Somogyi1991,1804656,,,Lack of effect of paracetamol on the pharmacokinetics and metabolism of codeine in man.,pkdb/PKDB00108/study.json,no,none,,,,,,no_exact_match
PKDB00325,pkdb,PKDB00325,Ma2009,19220276,PMC2675050,10.1111/j.1365-2125.2008.03361.x,Lack of effect of subject posture on intravenous midazolam clearance: implications for hepatic cytochrome P450 3A phenotyping.,pkdb/PKDB00325/study.json,no,none,,,,,,no_exact_match
28063968,pmid,,Nielsen2017,28063968,,,"Lack of genetic association between OCT1, ABCB1, and UGT2B7 variants and morphine pharmacokinetics.",pmid/28063968/study.json,no,none,,,,,,no_exact_match
PKDB00041,pkdb,PKDB00041,Healy1991,2069371,PMC245075,10.1128/AAC.35.4.660,Lack of interaction between lomefloxacin and caffeine in normal volunteers.,pkdb/PKDB00041/study.json,yes,abstract_only,oa_W2023112894,abstracts,,https://doi.org/10.1128/aac.35.4.660,doi_exact,Abstract corpus record; no Paperclip full-text document path.
28271978,pmid,PKDB00580,Dorado2017,28271978,,,Lessons from Cuba for Global Precision Medicine: CYP2D6 Genotype Is Not a Robust Predictor of CYP2D6 Ultrarapid Metabolism.,pmid/28271978/study.json,no,none,,,,,,no_exact_match
PKDB00310,pkdb,PKDB00310,Gelman1984,6507927,,,Liver circulation and function during isoflurane and halothane anesthesia.,pkdb/PKDB00310/study.json,yes,abstract_only,oa_W2051717835,abstracts,,https://doi.org/10.1097/00000542-198412000-00017,title_exact,Abstract corpus record; no Paperclip full-text document path.
PKDB00504,pkdb,PKDB00504,Kagawa2017,27863442,PMC5324621,10.1002/hep.28950,Loss of organic anion transporting polypeptide 1B3 function causes marked delay in indocyanine green clearance without any clinical symptoms.,pkdb/PKDB00504/study.json,yes,full_text,PMC5324621,pmc,/papers/PMC5324621/content.lines,https://paperclip.gxl.ai/citations/papers/PMC5324621,pmcid_exact,
PKDB00449,pkdb,PKDB00449,Christensen2002,11907488,,,Low daily 10-mg and 20-mg doses of fluvoxamine inhibit the metabolism of both caffeine (cytochrome P4501A2) and omeprazole (cytochrome P4502C19).,pkdb/PKDB00449/study.json,yes,abstract_only,oa_W2023580320,abstracts,,https://doi.org/10.1067/mcp.2002.121788,title_exact,Abstract corpus record; no Paperclip full-text document path.
856672,pmid,,Ebert1977,856672,PMC1411287,10.1136/gut.18.2.121,Lowering of fasting and food stimulated serum immunoreactive gastric inhibitory polypeptide (GIP) by glucagon.,pmid/856672/study.json,yes,abstract_only,oa_W2030455555,abstracts,,https://doi.org/10.1136/gut.18.2.121,doi_exact,Abstract corpus record; no Paperclip full-text document path.
32165665,pmid,,Malfatti2020,32165665,PMC7067795,10.1038/s41598-020-60982-8,Manipulation of the Gut Microbiome Alters Acetaminophen Biodisposition in Mice.,pmid/32165665/study.json,yes,full_text,PMC7067795,pmc,/papers/PMC7067795/content.lines,https://paperclip.gxl.ai/citations/papers/PMC7067795,pmcid_exact,
PKDB00249,pkdb,PKDB00249,Erp2011,20512335,PMC3043256,10.1007/s00280-010-1367-0,Marginal increase of sunitinib exposure by grapefruit juice.,pkdb/PKDB00249/study.json,yes,full_text,PMC3043256,pmc,/papers/PMC3043256/content.lines,https://paperclip.gxl.ai/citations/papers/PMC3043256,pmcid_exact,
6368593,pmid,,Bolli1984,6368593,PMC425102,10.1172/JCI111315,Mechanisms of glucagon secretion during insulin-induced hypoglycemia in man. Role of the beta cell and arterial hyperinsulinemia.,pmid/6368593/study.json,yes,abstract_only,oa_W1997046391,abstracts,,https://doi.org/10.1172/jci111315,doi_exact,Abstract corpus record; no Paperclip full-text document path.
PKDB00472,pkdb,PKDB00472,Lane1992,1483492,,,Menstrual cycle effects on caffeine elimination in the human female.,pkdb/PKDB00472/study.json,no,none,,,,,,no_exact_match
2721118,pmid,,Frayn1989,2721118,,,Metabolic characteristics of human adipose tissue in vivo.,pmid/2721118/study.json,no,none,,,,,,no_exact_match
PKDB00367,pkdb,PKDB00367,Cheng1994,8149872,,,Metabolic disposition of simvastatin in patients with T-tube drainage.,pkdb/PKDB00367/study.json,no,none,,,,,,no_exact_match
PKDB00506,pkdb,PKDB00506,Skak1987,3613884,,,Methodological problems in the use of indocyanine green to estimate hepatic blood flow and ICG clearance in man.,pkdb/PKDB00506/study.json,yes,abstract_only,oa_W1968322810,abstracts,,https://doi.org/10.1111/j.1600-0676.1987.tb00336.x,title_exact,Abstract corpus record; no Paperclip full-text document path.
PKDB00322,pkdb,PKDB00322,Eeckhoudt2001,11471773,,,Midazolam and cortisol metabolism before and after CYP3A induction in humans.,pkdb/PKDB00322/study.json,yes,abstract_only,oa_W1981651086,abstracts,,https://doi.org/10.5414/cpp39293,title_exact,Abstract corpus record; no Paperclip full-text document path.
PKDB00181,pkdb,PKDB00181,Allonen1981,6117393,,,Midazolam kinetics.,pkdb/PKDB00181/study.json,yes,abstract_only,oa_W4241401467,abstracts,,https://doi.org/10.1038/clpt.1981.217,title_exact,Abstract corpus record; no Paperclip full-text document path.
PKDB00307,pkdb,PKDB00307,Olkkola1994,8181191,,,Midazolam should be avoided in patients receiving the systemic antimycotics ketoconazole or itraconazole.,pkdb/PKDB00307/study.json,yes,abstract_only,oa_W2003692997,abstracts,,https://doi.org/10.1097/00132586-199502000-00014,title_exact,Abstract corpus record; no Paperclip full-text document path.
PKDB00250,pkdb,PKDB00250,Kanto1985,3161005,,,"Midazolam: the first water-soluble benzodiazepine. Pharmacology, pharmacokinetics and efficacy in insomnia and anesthesia.",pkdb/PKDB00250/study.json,yes,abstract_only,oa_W1541682192,abstracts,,https://doi.org/10.1002/j.1875-9114.1985.tb03411.x,title_exact,Abstract corpus record; no Paperclip full-text document path.
PKDB00085,pkdb,PKDB00085,Thomaseth2008,17706318,,,Model-based assessment of insulin sensitivity of glucose disposal and endogenous glucose production from double-tracer oral glucose tolerance test.,pkdb/PKDB00085/study.json,no,none,,,,,,no_exact_match
Hasselstrom1993,legacy,,Hasselstrom1993,8491060,,,Morphine pharmacokinetics and metabolism in humans. Enterohepatic cycling and relative contribution of metabolites to active opioid concentrations.,legacy/Hasselstrom1993/study.json,no,none,,,,,,no_exact_match
PKDB00078,pkdb,PKDB00078,Israelian2006,16631434,,,Multiple defects in counterregulation of hypoglycemia in modestly advanced type 2 diabetes mellitus.,pkdb/PKDB00078/study.json,no,none,,,,,,no_exact_match
PKDB00488,pkdb,PKDB00488,Syed2005,16158445,,,Multiple dose pharmacokinetics of caffeine administered in chewing gum to normal healthy volunteers.,pkdb/PKDB00488/study.json,yes,abstract_only,oa_W2136442095,abstracts,,https://doi.org/10.1002/bdd.469,title_exact,Abstract corpus record; no Paperclip full-text document path.
PKDB00031,pkdb,PKDB00031,Sahajwalla1991,1800709,,,Multiple-dose acetaminophen pharmacokinetics.,pkdb/PKDB00031/study.json,no,none,,,,,,no_exact_match
8988072,pmid,,Cilla1996,8988072,,,"Multiple-dose pharmacokinetics, pharmacodynamics, and safety of atorvastatin, an inhibitor of HMG-CoA reductase, in healthy subjects.",pmid/8988072/study.json,yes,abstract_only,oa_W1971242943,abstracts,,https://doi.org/10.1016/s0009-9236(96)90218-0,title_exact,Abstract corpus record; no Paperclip full-text document path.
19094067,pmid,,Lerche2009,19094067,,,No increased risk of hypoglycaemic episodes during 48 h of subcutaneous glucagon-like-peptide-1 administration in fasting healthy subjects.,pmid/19094067/study.json,yes,abstract_only,oa_W2135134545,abstracts,,https://doi.org/10.1111/j.1365-2265.2008.03510.x,title_exact,Abstract corpus record; no Paperclip full-text document path.
PKDB00430,pkdb,PKDB00430,Arold2005,15856409,,,"No relevant interaction with alprazolam, caffeine, tolbutamide, and digoxin by treatment with a low-hyperforin St John's wort extract.",pkdb/PKDB00430/study.json,yes,abstract_only,oa_W1984277226,abstracts,,https://doi.org/10.1055/s-2005-864099,title_exact,Abstract corpus record; no Paperclip full-text document path.
PKDB00335,pkdb,PKDB00335,Shull1976,769632,,,Normal disposition of oxazepam in acute viral hepatitis and cirrhosis.,pkdb/PKDB00335/study.json,yes,abstract_only,oa_W2080617384,abstracts,,https://doi.org/10.7326/0003-4819-84-4-420,title_exact,Abstract corpus record; no Paperclip full-text document path.
9792543,pmid,,Nielsen1998,9792543,,,Normal glucose-induced suppression of glucose production but impaired stimulation of glucose disposal in type 2 diabetes: evidence for a concentration-dependent defect in uptake.,pmid/9792543/study.json,yes,abstract_only,oa_W1971781956,abstracts,,https://doi.org/10.2337/diabetes.47.11.1735,title_exact,Abstract corpus record; no Paperclip full-text document path.
3113968,pmid,,Ullrich1987,3113968,,,"Normal pathways for glucuronidation, sulphation and oxidation of paracetamol in Gilbert's syndrome.",pmid/3113968/study.json,yes,abstract_only,oa_W2039803772,abstracts,,https://doi.org/10.1111/j.1365-2362.1987.tb01242.x,title_exact,Abstract corpus record; no Paperclip full-text document path.
PKDB00198,pkdb,PKDB00198,Abernethy1982,7075126,,,"Obesity, sex, and acetaminophen disposition.",pkdb/PKDB00198/study.json,yes,abstract_only,oa_W2143981328,abstracts,,https://doi.org/10.1038/clpt.1982.111,title_exact,Abstract corpus record; no Paperclip full-text document path.
PKDB00523,pkdb,PKDB00523,Prichard1985,3880557,,,Omeprazole: a study of its inhibition of gastric pH and oral pharmacokinetics after morning or evening dosage.,pkdb/PKDB00523/study.json,no,none,,,,,,no_exact_match
PKDB00327,pkdb,PKDB00327,Eap2004,15114429,,,Oral administration of a low dose of midazolam (75 microg) as an in vivo probe for CYP3A activity.,pkdb/PKDB00327/study.json,no,none,,,,,,no_exact_match
PKDB00036,pkdb,PKDB00036,Granfors2005,16198659,,,Oral contraceptives containing ethinyl estradiol and gestodene markedly increase plasma concentrations and effects of tizanidine by inhibiting cytochrome P450 1A2.,pkdb/PKDB00036/study.json,yes,abstract_only,oa_W2058864601,abstracts,,https://doi.org/10.1016/j.clpt.2005.06.009,title_exact,Abstract corpus record; no Paperclip full-text document path.
PKDB00202,pkdb,PKDB00202,Thummel1996,8646820,,,Oral first-pass elimination of midazolam involves both gastrointestinal and hepatic CYP3A-mediated metabolism.,pkdb/PKDB00202/study.json,yes,abstract_only,oa_W2107567029,abstracts,,https://doi.org/10.1016/s0009-9236(96)90177-0,title_exact,Abstract corpus record; no Paperclip full-text document path.
PKDB00379,pkdb,PKDB00379,Howden1984,6468483,,,Oral pharmacokinetics of omeprazole.,pkdb/PKDB00379/study.json,no,none,,,,,,no_exact_match
PKDB00444,pkdb,PKDB00444,Cattarossi1988,3063532,,,Oral versus intramuscular loading of caffeine in idiopathic apnoea of prematurity.,pkdb/PKDB00444/study.json,no,none,,,,,,no_exact_match
PKDB00463,pkdb,PKDB00463,Jost1987,3557314,,,Overnight salivary caffeine clearance: a liver function test suitable for routine use.,pkdb/PKDB00463/study.json,yes,abstract_only,oa_W2101325170,abstracts,,https://doi.org/10.1002/hep.1840070221,title_exact,Abstract corpus record; no Paperclip full-text document path.
PKDB00536,pkdb,PKDB00536,Lennard1982,7144837,,,Oxidation phenotype--a major determinant of metoprolol metabolism and response.,pkdb/PKDB00536/study.json,yes,abstract_only,oa_W2092510009,abstracts,,https://doi.org/10.1056/nejm198212163072505,title_exact,Abstract corpus record; no Paperclip full-text document path.
371342,pmid,,Faber1979,371342,,,Pancreatic beta cell secretion during oral and intravenous glucose administration.,pmid/371342/study.json,no,none,,,,,,no_exact_match
PKDB00256,pkdb,PKDB00256,Douglas1978,668775,,,Paracetamol (acetaminophen) kinetics in patients with Gilber's syndrome.,pkdb/PKDB00256/study.json,no,none,,,,,,no_exact_match
PKDB00264,pkdb,PKDB00264,Sommers1987,3679251,,,Paracetamol conjugation: an interethnic and dietary study.,pkdb/PKDB00264/study.json,no,none,,,,,,no_exact_match
PKDB00120,pkdb,PKDB00120,Prescott1989,2744070,,,Paracetamol disposition and metabolite kinetics in patients with chronic renal failure.,pkdb/PKDB00120/study.json,no,none,,,,,,no_exact_match
PKDB00124,pkdb,PKDB00124,Perucca1979,760753,PMC1429435,,Paracetamol disposition in normal subjects and in patients treated with antiepileptic drugs.,pkdb/PKDB00124/study.json,yes,abstract_only,oa_W2042271989,abstracts,,https://doi.org/10.1111/j.1365-2125.1979.tb00922.x,title_exact,Abstract corpus record; no Paperclip full-text document path.
PKDB00191,pkdb,PKDB00191,Kamali1993a,8448070,PMC1381492,,Paracetamol elimination in patients with non-insulin dependent diabetes mellitus.,pkdb/PKDB00191/study.json,yes,abstract_only,oa_W1994162796,abstracts,,https://doi.org/10.1111/j.1365-2125.1993.tb05672.x,title_exact,Abstract corpus record; no Paperclip full-text document path.
Sommers1985,legacy,,Sommers1985,4018818,,,Paracetamol metabolism in African villagers.,legacy/Sommers1985/study.json,no,none,,,,,,no_exact_match
PKDB00155,pkdb,PKDB00155,Forrest1979,499292,,,Paracetamol metabolism in chronic liver disease.,pkdb/PKDB00155/study.json,no,none,,,,,,no_exact_match
PKDB00161,pkdb,PKDB00161,Miners1986,3768250,PMC1401133,,Paracetamol metabolism in pregnancy.,pkdb/PKDB00161/study.json,yes,abstract_only,oa_W2009654411,abstracts,,https://doi.org/10.1111/j.1365-2125.1986.tb02901.x,title_exact,Abstract corpus record; no Paperclip full-text document path.
PKDB00170,pkdb,PKDB00170,Davis1976,940917,,,Paracetamol overdose in man: relationship between pattern of urinary metabolites and severity of liver damage.,pkdb/PKDB00170/study.json,yes,abstract_only,oa_W2292849098,abstracts,,https://doi.org/10.1093/oxfordjournals.qjmed.a067458,title_exact,Abstract corpus record; no Paperclip full-text document path.
Yiamouyiannis1994,legacy,,Yiamouyiannis1994,,,,Paracetamol Pharmacokinetics are Independent of Caloric Intake and Physical Activity,legacy/Yiamouyiannis1994/study.json,no,none,,,,,,no_exact_match
PKDB00169,pkdb,PKDB00169,Kietzmann1990,2257860,,,"Paracetamol test: modification by renal function, urine flow and pH.",pkdb/PKDB00169/study.json,no,none,,,,,,no_exact_match
PKDB00077,pkdb,PKDB00077,Hovorka2002,11934663,,10.1152/ajpendo.00304.2001,"Partitioning glucose distribution/transport, disposal, and endogenous production during IVGTT.",pkdb/PKDB00077/study.json,yes,abstract_only,oa_W2001875222,abstracts,,https://doi.org/10.1152/ajpendo.00304.2001,doi_exact,Abstract corpus record; no Paperclip full-text document path.
PKDB00072,pkdb,PKDB00072,Ferrannini1979,447855,PMC372111,10.1172/JCI109445,Pattern of insulin delivery after intravenous glucose injection in man and its relation to plasma glucose disappearance.,pkdb/PKDB00072/study.json,yes,abstract_only,oa_W2052861702,abstracts,,https://doi.org/10.1172/jci109445,doi_exact,Abstract corpus record; no Paperclip full-text document path.
PKDB00418,pkdb,PKDB00418,Sunagawa2021,33052632,,,Perioperative assessment of indocyanine green elimination rate accurately predicts postoperative liver failure in patients undergoing hepatectomy.,pkdb/PKDB00418/study.json,yes,abstract_only,oa_W3091774195,abstracts,,https://doi.org/10.1002/jhbp.833,title_exact,Abstract corpus record; no Paperclip full-text document path.
PKDB00412,pkdb,PKDB00412,Ohwada2006,16498606,,,Perioperative real-time monitoring of indocyanine green clearance by pulse spectrophotometry predicts remnant liver functional reserve in resection of hepatocellular carcinoma.,pkdb/PKDB00412/study.json,yes,abstract_only,oa_W1972108747,abstracts,,https://doi.org/10.1002/bjs.5258,title_exact,Abstract corpus record; no Paperclip full-text document path.
PKDB00376,pkdb,PKDB00376,Kosoglou2002,12236852,,,Pharmacodynamic interaction between the new selective cholesterol absorption inhibitor ezetimibe and simvastatin.,pkdb/PKDB00376/study.json,yes,abstract_only,oa_W1498903994,abstracts,,https://doi.org/10.1046/j.1365-2125.2002.01633.x,title_exact,Abstract corpus record; no Paperclip full-text document path.
PKDB00049,pkdb,PKDB00049,Magnusson2008,17971810,,,"Pharmacodynamics of carbamazepine-mediated induction of CYP3A4, CYP1A2, and Pgp as assessed by probe substrates midazolam, caffeine, and digoxin.",pkdb/PKDB00049/study.json,yes,abstract_only,oa_W2056565974,abstracts,,https://doi.org/10.1038/sj.clpt.6100431,title_exact,Abstract corpus record; no Paperclip full-text document path.
PKDB00090,pkdb,PKDB00090,Caraco1996a,8819499,,,Pharmacogenetic determination of the effects of codeine and prediction of drug interactions.,pkdb/PKDB00090/study.json,no,none,,,,,,no_exact_match
PKDB00339,pkdb,PKDB00339,White2016,27100333,PMC4898153,10.3109/15563650.2016.1146740,Pharmacokinetic analysis and comparison of caffeine administered rapidly or slowly in coffee chilled or hot versus chilled energy drink in healthy young adults.,pkdb/PKDB00339/study.json,yes,full_text,PMC4898153,pmc,/papers/PMC4898153/content.lines,https://paperclip.gxl.ai/citations/papers/PMC4898153,pmcid_exact,
PKDB00329,pkdb,PKDB00329,Greenblatt1989a,2702793,,,"Pharmacokinetic and electroencephalographic study of intravenous diazepam, midazolam, and placebo.",pkdb/PKDB00329/study.json,yes,abstract_only,oa_W1973071360,abstracts,,https://doi.org/10.1038/clpt.1989.41,title_exact,Abstract corpus record; no Paperclip full-text document path.
PKDB00537,pkdb,PKDB00537,Oosterhuis1988,3371389,,,Pharmacokinetic and pharmacodynamic comparison of a new controlled-release formulation of metoprolol with a traditional slow-release formulation.,pkdb/PKDB00537/study.json,no,none,,,,,,no_exact_match
15531380,pmid,,Watanabe2004,15531380,,,Pharmacokinetic and pharmacodynamic interactions between simvastatin and diltiazem in patients with hypercholesterolemia and hypertension.,pmid/15531380/study.json,no,none,,,,,,no_exact_match
PKDB00451,pkdb,PKDB00451,Cysneiros2007,17443132,,,Pharmacokinetic and pharmacodynamic interactions between zolpidem and caffeine.,pkdb/PKDB00451/study.json,yes,abstract_only,oa_W2078241571,abstracts,,https://doi.org/10.1038/sj.clpt.6100211,title_exact,Abstract corpus record; no Paperclip full-text document path.
PKDB00539,pkdb,PKDB00539,Sandberg1988,3371395,,,Pharmacokinetic and pharmacodynamic properties of a new controlled-release formulation of metoprolol: a comparison with conventional tablets.,pkdb/PKDB00539/study.json,no,none,,,,,,no_exact_match
PKDB00063,pkdb,PKDB00063,Turpault2009,20002088,PMC2810805,10.1111/j.1365-2125.2009.03548.x,"Pharmacokinetic assessment of a five-probe cocktail for CYPs 1A2, 2C9, 2C19, 2D6 and 3A.",pkdb/PKDB00063/study.json,yes,abstract_only,oa_W1965307398,abstracts,,https://doi.org/10.1111/j.1365-2125.2009.03548.x,doi_exact,Abstract corpus record; no Paperclip full-text document path.
PKDB00007,pkdb,PKDB00007,Barnett1990,2177401,,,Pharmacokinetic determination of relative potency of quinolone inhibition of caffeine disposition.,pkdb/PKDB00007/study.json,no,none,,,,,,no_exact_match
18362694,pmid,PKDB00591,Nyunt2008,18362694,,,"Pharmacokinetic effect of AMD070, an Oral CXCR4 antagonist, on CYP3A4 and CYP2D6 substrates midazolam and dextromethorphan in healthy volunteers.",pmid/18362694/study.json,yes,abstract_only,oa_W2015232568,abstracts,,https://doi.org/10.1097/qai.0b013e3181627566,title_exact,Abstract corpus record; no Paperclip full-text document path.
PKDB00494,pkdb,PKDB00494,Yamazaki2016,27273149,PMC5297975,10.1002/cpdd.281,"Pharmacokinetic Effects of Isavuconazole Coadministration With the Cytochrome P450 Enzyme Substrates Bupropion, Repaglinide, Caffeine, Dextromethorphan, and Methadone in Healthy Subjects.",pkdb/PKDB00494/study.json,yes,full_text,PMC5297975,pmc,/papers/PMC5297975/content.lines,https://paperclip.gxl.ai/citations/papers/PMC5297975,pmcid_exact,
PKDB00355,pkdb,PKDB00355,Hsyu2001,11709322,PMC90851,10.1128/AAC.45.12.3445-3450.2001,Pharmacokinetic interactions between nelfinavir and 3-hydroxy-3-methylglutaryl coenzyme A reductase inhibitors atorvastatin and simvastatin.,pkdb/PKDB00355/study.json,yes,abstract_only,oa_W2157402102,abstracts,,https://doi.org/10.1128/aac.45.12.3445-3450.2001,doi_exact,Abstract corpus record; no Paperclip full-text document path.
PKDB00352,pkdb,PKDB00352,Gehin2015,25323804,,,"Pharmacokinetic interactions between simvastatin and setipiprant, a CRTH2 antagonist.",pkdb/PKDB00352/study.json,no,none,,,,,,no_exact_match
PKDB00270,pkdb,PKDB00270,Kaplan1973,4758075,,,Pharmacokinetic profile of diazepam in man following single intravenous and oral and chronic oral administrations.,pkdb/PKDB00270/study.json,no,none,,,,,,no_exact_match
PKDB00538,pkdb,PKDB00538,Regardh1974,4155762,,,Pharmacokinetic studies on the selective beta1-receptor antagonist metoprolol in man.,pkdb/PKDB00538/study.json,no,none,,,,,,no_exact_match
PKDB00521,pkdb,PKDB00521,Landahl1992,1458764,,,Pharmacokinetic study of omeprazole in elderly healthy volunteers.,pkdb/PKDB00521/study.json,no,none,,,,,,no_exact_match
PKDB00297,pkdb,PKDB00297,Lesne1982,7118326,,,Pharmacokinetic study of torasemide in humans: an overview of its diuretic effect.,pkdb/PKDB00297/study.json,no,none,,,,,,no_exact_match
PKDB00206,pkdb,PKDB00206,Mandema1992,1611810,,,Pharmacokinetic-pharmacodynamic modeling of the central nervous system effects of midazolam and its main metabolite alpha-hydroxymidazolam in healthy volunteers.,pkdb/PKDB00206/study.json,no,none,,,,,,no_exact_match
3971846,pmid,,Muehlhauser1985,3971846,,,"Pharmacokinetics and bioavailability of injected glucagon: differences between intramuscular, subcutaneous, and intravenous administration.",pmid/3971846/study.json,yes,abstract_only,oa_W2118357526,abstracts,,https://doi.org/10.2337/diacare.8.1.39,title_exact,Abstract corpus record; no Paperclip full-text document path.
PKDB00178,pkdb,PKDB00178,Heizmann1983,6138080,PMC1428091,10.1111/j.1365-2125.1983.tb02270.x,Pharmacokinetics and bioavailability of midazolam in man.,pkdb/PKDB00178/study.json,yes,abstract_only,oa_W2008440205,abstracts,,https://doi.org/10.1111/j.1365-2125.1983.tb02270.x,doi_exact,Abstract corpus record; no Paperclip full-text document path.
PKDB00349,pkdb,PKDB00349,Najib2003,12784317,,,Pharmacokinetics and bioequivalence evaluation of two simvastatin 40 mg tablets (Simvast and Zocor) in healthy human volunteers.,pkdb/PKDB00349/study.json,no,none,,,,,,no_exact_match
PKDB00109,pkdb,PKDB00109,Vree1992,1391681,,,Pharmacokinetics and metabolism of codeine in humans.,pkdb/PKDB00109/study.json,yes,abstract_only,oa_W2024556272,abstracts,,https://doi.org/10.1002/bdd.2510130607,title_exact,Abstract corpus record; no Paperclip full-text document path.
PKDB00524,pkdb,PKDB00524,Regaardh1986,3460172,,,Pharmacokinetics and metabolism of omeprazole in man.,pkdb/PKDB00524/study.json,yes,abstract_only,oa_W2093678250,abstracts,,https://doi.org/10.3109/00365528609090907,title_exact,Abstract corpus record; no Paperclip full-text document path.
PKDB00315,pkdb,PKDB00315,Neugebauer1988,3370063,,,Pharmacokinetics and metabolism of torasemide in man.,pkdb/PKDB00315/study.json,no,none,,,,,,no_exact_match
3335120,pmid,,Guay1988,3335120,,,Pharmacokinetics and pharmacodynamics of codeine in end-stage renal disease.,pmid/3335120/study.json,yes,abstract_only,oa_W2094867348,abstracts,,https://doi.org/10.1038/clpt.1988.12,title_exact,Abstract corpus record; no Paperclip full-text document path.
PKDB00530,pkdb,PKDB00530,Blomqvist1988,3371390,,,Pharmacokinetics and pharmacodynamics of controlled-release metoprolol: a comparison with atenolol.,pkdb/PKDB00530/study.json,no,none,,,,,,no_exact_match
PKDB00286,pkdb,PKDB00286,Friedman1992,1505149,,,"Pharmacokinetics and pharmacodynamics of oral diazepam: effect of dose, plasma concentration, and time.",pkdb/PKDB00286/study.json,yes,abstract_only,oa_W1996394825,abstracts,,https://doi.org/10.1038/clpt.1992.123,title_exact,Abstract corpus record; no Paperclip full-text document path.
PKDB00316,pkdb,PKDB00316,Brater1993a,8435379,,,Pharmacokinetics and pharmacodynamics of torasemide in patients with chronic renal insufficiency--preliminary evaluation.,pkdb/PKDB00316/study.json,no,none,,,,,,no_exact_match
8830977,pmid,PKDB00590,Nagai1996,8830977,,,Pharmacokinetics and polymorphic oxidation of dextromethorphan in a Japanese population.,pmid/8830977/study.json,yes,abstract_only,oa_W2014362613,abstracts,,https://doi.org/10.1002/(sici)1099-081x(199607)17:5<421::aid-bdd421>3.0.co;2-9,title_exact,Abstract corpus record; no Paperclip full-text document path.
PKDB00174,pkdb,PKDB00174,Triggs1975,1233203,,,Pharmacokinetics in the elderly.,pkdb/PKDB00174/study.json,no,none,,,,,,no_exact_match
PKDB00213,pkdb,PKDB00213,Lowenthal1976,1263112,,,Pharmacokinetics of acetaminophen elimination by anephric patients.,pkdb/PKDB00213/study.json,no,none,,,,,,no_exact_match
PKDB00132,pkdb,PKDB00132,Yin2001,11427360,,,Pharmacokinetics of acetaminophen in Hong Kong Chinese subjects.,pkdb/PKDB00132/study.json,no,none,,,,,,no_exact_match
PKDB00408,pkdb,PKDB00408,Meijer1988,3181282,,,Pharmacokinetics of biliary excretion in man. VI. Indocyanine green.,pkdb/PKDB00408/study.json,no,none,,,,,,no_exact_match
PKDB00058,pkdb,PKDB00058,Perera2011,21827488,,,"Pharmacokinetics of caffeine in plasma and saliva, and the influence of caffeine abstinence on CYP1A2 metrics.",pkdb/PKDB00058/study.json,yes,abstract_only,oa_W1867830687,abstracts,,https://doi.org/10.1111/j.2042-7158.2011.01326.x,title_exact,Abstract corpus record; no Paperclip full-text document path.
Chen1989ThesisChapter4,legacy,,Chen1989_Thesis190-224,,,,Pharmacokinetics of codeine,legacy/Chen1989ThesisChapter4/study.json,no,none,,,,,,no_exact_match
3437070,pmid,,Guay1987,3437070,,,Pharmacokinetics of codeine after single- and multiple-oral-dose administration to normal volunteers.,pmid/3437070/study.json,yes,abstract_only,oa_W2115881429,abstracts,,https://doi.org/10.1002/j.1552-4604.1987.tb05601.x,title_exact,Abstract corpus record; no Paperclip full-text document path.
PKDB00095,pkdb,PKDB00095,Kirchheiner2007,16819548,,,Pharmacokinetics of codeine and its metabolite morphine in ultra-rapid metabolizers due to CYP2D6 duplication.,pkdb/PKDB00095/study.json,no,none,,,,,,no_exact_match
PKDB00115,pkdb,PKDB00115,Yue1991a,1867957,PMC1368572,,Pharmacokinetics of codeine and its metabolites in Caucasian healthy volunteers: comparisons between extensive and poor hydroxylators of debrisoquine.,pkdb/PKDB00115/study.json,yes,abstract_only,oa_W1964815165,abstracts,,https://doi.org/10.1111/j.1365-2125.1991.tb05585.x,title_exact,Abstract corpus record; no Paperclip full-text document path.
15342614,pmid,PKDB00592,Pope2004,15342614,,,Pharmacokinetics of dextromethorphan after single or multiple dosing in combination with quinidine in extensive and poor metabolizers.,pmid/15342614/study.json,yes,abstract_only,oa_W2000782600,abstracts,,https://doi.org/10.1177/0091270004269521,title_exact,Abstract corpus record; no Paperclip full-text document path.
8741125,pmid,,Kazis2009,8741125,,,Pharmacokinetics of dextromethorphan and dextrorphan in epileptic patients.,pmid/8741125/study.json,yes,abstract_only,oa_W2138195260,abstracts,,https://doi.org/10.1111/j.1600-0404.1996.tb00181.x,title_exact,Abstract corpus record; no Paperclip full-text document path.
PKDB00285,pkdb,PKDB00285,Lamson2011,21721594,,,"Pharmacokinetics of diazepam administered intramuscularly by autoinjector versus rectal gel in healthy subjects: a phase I, randomized, open-label, single-dose, crossover, single-centre study.",pkdb/PKDB00285/study.json,no,none,,,,,,no_exact_match
PKDB00280,pkdb,PKDB00280,Kleijn1971,5316393,,,"Pharmacokinetics of diazepam in dogs, mice and humans.",pkdb/PKDB00280/study.json,no,none,,,,,,no_exact_match
PKDB00279,pkdb,PKDB00279,Dhillon1981,6803820,PMC1401936,10.1111/j.1365-2125.1981.tb01317.x,Pharmacokinetics of diazepam in epileptic patients and normal volunteers following intravenous administration.,pkdb/PKDB00279/study.json,yes,abstract_only,oa_W2012508958,abstracts,,https://doi.org/10.1111/j.1365-2125.1981.tb01317.x,doi_exact,Abstract corpus record; no Paperclip full-text document path.
PKDB00248,pkdb,PKDB00248,Link2008,18537963,PMC2561102,10.1111/j.1365-2125.2008.03201.x,Pharmacokinetics of intravenous and oral midazolam in plasma and saliva in humans: usefulness of saliva as matrix for CYP3A phenotyping.,pkdb/PKDB00248/study.json,yes,abstract_only,oa_W2075326549,abstracts,,https://doi.org/10.1111/j.1365-2125.2008.03201.x,doi_exact,Abstract corpus record; no Paperclip full-text document path.
PKDB00154,pkdb,PKDB00154,Liukas2011,21241071,,,Pharmacokinetics of intravenous paracetamol in elderly patients.,pkdb/PKDB00154/study.json,no,none,,,,,,no_exact_match
PKDB00269,pkdb,PKDB00269,Pentikaeinen1989,2723115,,,Pharmacokinetics of midazolam following intravenous and oral administration in patients with chronic liver disease and in healthy subjects.,pkdb/PKDB00269/study.json,yes,abstract_only,oa_W2163428164,abstracts,,https://doi.org/10.1002/j.1552-4604.1989.tb03327.x,title_exact,Abstract corpus record; no Paperclip full-text document path.
17541571,pmid,,Villesen2007b,17541571,,,Pharmacokinetics of morphine-6-glucuronide following oral administration in healthy volunteers.,pmid/17541571/study.json,no,none,,,,,,no_exact_match
PKDB00030,pkdb,PKDB00030,Rawlins1977,862649,,,Pharmacokinetics of paracetamol (acetaminophen) after intravenous and oral administration.,pkdb/PKDB00030/study.json,no,none,,,,,,no_exact_match
6743445,pmid,,Aitkenhead1984,6743445,,,Pharmacokinetics of single-dose i.v. morphine in normal volunteers and patients with end-stage renal failure.,pmid/6743445/study.json,no,none,,,,,,no_exact_match
PKDB00343,pkdb,PKDB00343,TubicGrozdanis2008,18213452,,,Pharmacokinetics of the CYP 3A substrate simvastatin following administration of delayed versus immediate release oral dosage forms.,pkdb/PKDB00343/study.json,no,none,,,,,,no_exact_match
PKDB00289,pkdb,PKDB00289,Spahn1990,2076715,,,Pharmacokinetics of torasemide and its metabolites in healthy controls and in chronic renal failure.,pkdb/PKDB00289/study.json,no,none,,,,,,no_exact_match
1484193,pmid,,Babul1992,1484193,,,Pharmacokinetics of two novel rectal controlled-release morphine formulations.,pmid/1484193/study.json,no,none,,,,,,no_exact_match
PKDB00518,pkdb,PKDB00518,Andersson1990a,2253676,,,Pharmacokinetics of various single intravenous and oral doses of omeprazole.,pkdb/PKDB00518/study.json,no,none,,,,,,no_exact_match
PKDB00021,pkdb,PKDB00021,Shinoda2007,17202677,,,Pharmacokinetics/pharmacodynamics of acetaminophen analgesia in Japanese patients with chronic pain.,pkdb/PKDB00021/study.json,yes,abstract_only,oa_W2016249433,abstracts,,https://doi.org/10.1248/bpb.30.157,title_exact,Abstract corpus record; no Paperclip full-text document path.
PKDB00225,pkdb,PKDB00225,Nimmo1973,4694406,PMC1589913,10.1136/bmj.1.5853.587,Pharmacological modification of gastric emptying: effects of propantheline and metoclopromide on paracetamol absorption.,pkdb/PKDB00225/study.json,yes,abstract_only,oa_W2072294299,abstracts,,https://doi.org/10.1136/bmj.1.5853.587,doi_exact,Abstract corpus record; no Paperclip full-text document path.
PKDB00037,pkdb,PKDB00037,Haller2002,12087345,,,Pharmacology of ephedra alkaloids and caffeine after single-dose dietary supplement use.,pkdb/PKDB00037/study.json,yes,abstract_only,oa_W1999580921,abstracts,,https://doi.org/10.1067/mcp.2002.124523,title_exact,Abstract corpus record; no Paperclip full-text document path.
PKDB00203,pkdb,PKDB00203,Klotz1982,7083724,,,Physiologic and temporal variation in hepatic elimination of midazolam.,pkdb/PKDB00203/study.json,no,none,,,,,,no_exact_match
PKDB00067,pkdb,PKDB00067,Bergman1981,7033284,PMC370948,10.1172/jci110398,Physiologic evaluation of factors controlling glucose tolerance in man: measurement of insulin sensitivity and beta-cell glucose sensitivity from the response to intravenous glucose.,pkdb/PKDB00067/study.json,yes,abstract_only,oa_W2156353972,abstracts,,https://doi.org/10.1172/jci110398,doi_exact,Abstract corpus record; no Paperclip full-text document path.
PKDB00447,pkdb,PKDB00447,Chen2010,20484172,,,"Plant polyphenol curcumin significantly affects CYP1A2 and CYP2A6 activity in healthy, male Chinese volunteers.",pkdb/PKDB00447/study.json,no,none,,,,,,no_exact_match
PKDB00071,pkdb,PKDB00071,Felig1969,5809519,,,Plasma amino acid levels and insulin secretion in obesity.,pkdb/PKDB00071/study.json,yes,abstract_only,oa_W2616834435,abstracts,,https://doi.org/10.1056/nejm196910092811503,title_exact,Abstract corpus record; no Paperclip full-text document path.
PKDB00180,pkdb,PKDB00180,Bannwarth1992,1633071,PMC1381380,,Plasma and cerebrospinal fluid concentrations of paracetamol after a single intravenous dose of propacetamol.,pkdb/PKDB00180/study.json,yes,abstract_only,oa_W2056951535,abstracts,,https://doi.org/10.1111/j.1365-2125.1992.tb04112.x,title_exact,Abstract corpus record; no Paperclip full-text document path.
PKDB00182,pkdb,PKDB00182,Singla2012,22524979,,,"Plasma and cerebrospinal fluid pharmacokinetic parameters after single-dose administration of intravenous, oral, or rectal acetaminophen.",pkdb/PKDB00182/study.json,yes,abstract_only,oa_W2144043609,abstracts,,https://doi.org/10.1111/j.1533-2500.2012.00556.x,title_exact,Abstract corpus record; no Paperclip full-text document path.
PKDB00094,pkdb,PKDB00094,Kim2002,12194925,,,Plasma and oral fluid pharmacokinetics and pharmacodynamics after oral codeine administration.,pkdb/PKDB00094/study.json,yes,abstract_only,oa_W2165689487,abstracts,,https://doi.org/10.1093/clinchem/48.9.1486,title_exact,Abstract corpus record; no Paperclip full-text document path.
PKDB00053,pkdb,PKDB00053,Newton1981,7333346,,,Plasma and salivary pharmacokinetics of caffeine in man.,pkdb/PKDB00053/study.json,no,none,,,,,,no_exact_match
PKDB00105,pkdb,PKDB00105,Shah1990,2401756,,,Plasma codeine and morphine concentrations after a single oral dose of codeine phosphate.,pkdb/PKDB00105/study.json,yes,abstract_only,oa_W2145006060,abstracts,,https://doi.org/10.1002/j.1552-4604.1990.tb03641.x,title_exact,Abstract corpus record; no Paperclip full-text document path.
PKDB00345,pkdb,PKDB00345,Backman2000,10976543,,,Plasma concentrations of active simvastatin acid are increased by gemfibrozil.,pkdb/PKDB00345/study.json,yes,abstract_only,oa_W1985258130,abstracts,,https://doi.org/10.1067/mcp.2000.108507,title_exact,Abstract corpus record; no Paperclip full-text document path.
PKDB00069,pkdb,PKDB00069,Calbet2002,12163658,,,Plasma glucagon and insulin responses depend on the rate of appearance of amino acids after ingestion of different protein solutions in humans.,pkdb/PKDB00069/study.json,no,none,,,,,,no_exact_match
7009366,pmid,,Veleminsky1980,7009366,,,Plasma insulin response to glucose infusion in obese non-diabetic and diabetic subjects.,pmid/7009366/study.json,yes,abstract_only,oa_W2108314322,abstracts,,https://doi.org/10.1055/s-2007-999225,title_exact,Abstract corpus record; no Paperclip full-text document path.
5957477,pmid,,Perley1966,5957477,,,Plasma insulin responses to glucose and tolbutamide of normal weight and obese diabetic and nondiabetic subjects.,pmid/5957477/study.json,yes,abstract_only,oa_W2083606604,abstracts,,https://doi.org/10.2337/diab.15.12.867,title_exact,Abstract corpus record; no Paperclip full-text document path.
PKDB00220,pkdb,PKDB00220,Carlo1955,13242422,,,Plasma levels after the oral administration of acetylsalicylic acid and N-acetyl-p-aminophenol in different forms to human subjects.,pkdb/PKDB00220/study.json,no,none,,,,,,no_exact_match
2902373,pmid,,Chen1988,2902373,,,Polymorphic O-demethylation of codeine.,pmid/2902373/study.json,no,none,,,,,,no_exact_match
PKDB00209,pkdb,PKDB00209,Farkas2007,17322140,,,"Pomegranate juice does not impair clearance of oral or intravenous midazolam, a probe for cytochrome P450-3A activity: comparison with grapefruit juice.",pkdb/PKDB00209/study.json,yes,abstract_only,oa_W2090386521,abstracts,,https://doi.org/10.1177/0091270006298359,title_exact,Abstract corpus record; no Paperclip full-text document path.
PKDB00060,pkdb,PKDB00060,Seng2009,19125908,,,Population pharmacokinetics of caffeine in healthy male adults using mixed-effects models.,pkdb/PKDB00060/study.json,yes,abstract_only,oa_W2168500684,abstracts,,https://doi.org/10.1111/j.1365-2710.2008.00976.x,title_exact,Abstract corpus record; no Paperclip full-text document path.
4816891,pmid,,Blackard1974,4816891,,,Portal and peripheral vein immunoreactive glucagon concentrations after arginine or glucose infusions.,pmid/4816891/study.json,yes,abstract_only,oa_W2155530276,abstracts,,https://doi.org/10.2337/diab.23.3.199,title_exact,Abstract corpus record; no Paperclip full-text document path.
PKDB00075,pkdb,PKDB00075,Firth1986,3517067,PMC424555,10.1172/JCI112467,Postprandial hyperglycemia in patients with noninsulin-dependent diabetes mellitus. Role of hepatic and extrahepatic tissues.,pkdb/PKDB00075/study.json,yes,abstract_only,oa_W1986955391,abstracts,,https://doi.org/10.1172/jci112467,doi_exact,Abstract corpus record; no Paperclip full-text document path.
PKDB00417,pkdb,PKDB00417,Stockmann2009,19561474,,,Prediction of postoperative outcome after hepatectomy with a new bedside test for maximal liver function capacity.,pkdb/PKDB00417/study.json,yes,abstract_only,oa_W2090819282,abstracts,,https://doi.org/10.1097/sla.0b013e3181ad85b5,title_exact,Abstract corpus record; no Paperclip full-text document path.
8423228,pmid,,Nauck1993,8423228,,,Preserved incretin activity of glucagon-like peptide 1 [7-36 amide] but not of synthetic human gastric inhibitory polypeptide in patients with type-2 diabetes mellitus.,pmid/8423228/study.json,yes,abstract_only,oa_W1969932276,abstracts,,https://doi.org/10.1172/jci116186,title_exact,Abstract corpus record; no Paperclip full-text document path.
1133173,pmid,,Horwitz1975,1133173,PMC301883,10.1172/JCI108047,"Proinsulin, insulin, and C-peptide concentrations in human portal and peripheral blood.",pmid/1133173/study.json,yes,abstract_only,oa_W1974554536,abstracts,,https://doi.org/10.1172/jci108047,doi_exact,Abstract corpus record; no Paperclip full-text document path.
PKDB00080,pkdb,PKDB00080,Kjems2001,11692185,,,Quantification of beta-cell function during IVGTT in Type II and non-diabetic subjects: assessment of insulin secretion by mathematical methods.,pkdb/PKDB00080/study.json,no,none,,,,,,no_exact_match
PKDB00117,pkdb,PKDB00117,Yue1997,9357098,,,"Quantification of the O- and N-demethylated and the glucuronidated metabolites of codeine relative to the debrisoquine metabolic ratio in urine in ultrarapid, rapid, and poor debrisoquine hydroxylators.",pkdb/PKDB00117/study.json,yes,abstract_only,oa_W1972302074,abstracts,,https://doi.org/10.1097/00007691-199710000-00010,title_exact,Abstract corpus record; no Paperclip full-text document path.
PKDB00423,pkdb,PKDB00423,Ma2008,18594801,,,Quantitative assessment of hepatic blood flow using intravenous indocyanine green.,pkdb/PKDB00423/study.json,no,none,,,,,,no_exact_match
PKDB00397,pkdb,PKDB00397,Herold2001,11169069,,,Quantitative testing of liver function in patients with cirrhosis due to chronic hepatitis C to assess disease severity.,pkdb/PKDB00397/study.json,yes,abstract_only,oa_W1986152242,abstracts,,https://doi.org/10.1034/j.1600-0676.2001.210104.x,title_exact,Abstract corpus record; no Paperclip full-text document path.
22283559,pmid,PKDB00594,Schoedel2012,22283559,,,Randomized open-label drug-drug interaction trial of dextromethorphan/quinidine and paroxetine in healthy volunteers.,pmid/22283559/study.json,no,none,,,,,,no_exact_match
PKDB00159,pkdb,PKDB00159,Jack1985,2865542,,,Ranitidine and paracetamol metabolism.,pkdb/PKDB00159/study.json,no,none,,,,,,no_exact_match
PKDB00149,pkdb,PKDB00149,Itoh2000,,,,"Ranitidine Increases Bioavailability of Acetaminophen by
Inhibiting First-Pass Glucuronidation in Man",pkdb/PKDB00149/study.json,yes,abstract_only,oa_W2017792899,abstracts,,https://doi.org/10.1211/146080800128735584,title_exact,Abstract corpus record; no Paperclip full-text document path.
PKDB00511,pkdb,PKDB00511,Li2003,14579918,PMC6653833,10.1002/clc.4960261008,Rapid effects of simvastatin on lipid profile and C-reactive protein in patients with hypercholesterolemia.,pkdb/PKDB00511/study.json,yes,abstract_only,oa_W1999788580,abstracts,,https://doi.org/10.1002/clc.4960261008,doi_exact,Abstract corpus record; no Paperclip full-text document path.
PKDB00481,pkdb,PKDB00481,Rietveld1984,6734698,,,Rapid onset of an increase in caffeine residence time in young women due to oral contraceptive steroids.,pkdb/PKDB00481/study.json,no,none,,,,,,no_exact_match
PKDB00413,pkdb,PKDB00413,Sakka2006,16544120,,,Relation between indocyanine green (ICG) plasma disappearance rate and ICG blood clearance in critically ill patients.,pkdb/PKDB00413/study.json,no,none,,,,,,no_exact_match
PKDB00065,pkdb,PKDB00065,ZylberKatz1984,6734043,,,Relationship between caffeine concentrations in plasma and saliva.,pkdb/PKDB00065/study.json,yes,abstract_only,oa_W2054089181,abstracts,,https://doi.org/10.1038/clpt.1984.151,title_exact,Abstract corpus record; no Paperclip full-text document path.
PKDB00394,pkdb,PKDB00394,Gadano1997,9083919,,,"Relationship between hepatic blood flow, liver tests, haemodynamic values and clinical characteristics in patients with chronic liver disease.",pkdb/PKDB00394/study.json,yes,abstract_only,oa_W2169024203,abstracts,,https://doi.org/10.1111/j.1440-1746.1997.tb00401.x,title_exact,Abstract corpus record; no Paperclip full-text document path.
PKDB00491,pkdb,PKDB00491,Trang1985,3986300,,,Relationship between total body clearance of caffeine and urine flow rate in elderly men.,pkdb/PKDB00491/study.json,yes,abstract_only,oa_W2032004948,abstracts,,https://doi.org/10.1002/bdd.2510060107,title_exact,Abstract corpus record; no Paperclip full-text document path.
PKDB00210,pkdb,PKDB00210,Blanchard1983,6863577,,,Relationship between urine flow rate and renal clearance of caffeine in man.,pkdb/PKDB00210/study.json,yes,abstract_only,oa_W2056658191,abstracts,,https://doi.org/10.1002/j.1552-4604.1983.tb02716.x,title_exact,Abstract corpus record; no Paperclip full-text document path.
Seideman1980,legacy,,Seideman1980,,,,Relative Bioavailability of a Paracetamol Suppository,legacy/Seideman1980/study.json,no,none,,,,,,no_exact_match
PKDB00087,pkdb,PKDB00087,Zavaroni1987,3624411,,,Renal metabolism of C-peptide in man.,pkdb/PKDB00087/study.json,yes,abstract_only,oa_W2001534544,abstracts,,https://doi.org/10.1210/jcem-65-3-494,title_exact,Abstract corpus record; no Paperclip full-text document path.
8852486,pmid,,Robaudo1996,8852486,,,Renal metabolism of C-peptide in patients with early insulin-dependent diabetes mellitus.,pmid/8852486/study.json,yes,abstract_only,oa_W2028243992,abstracts,,https://doi.org/10.1159/000188902,title_exact,Abstract corpus record; no Paperclip full-text document path.
6280266,pmid,,Soevik1981,6280266,,,"Responses of plasma adenosine 3',5'-monophosphate, blood glucose and plasma insulin to glucagon in humans.",pmid/6280266/study.json,yes,abstract_only,oa_W2057485293,abstracts,,https://doi.org/10.3109/00365518109090513,title_exact,Abstract corpus record; no Paperclip full-text document path.
PKDB00227,pkdb,PKDB00227,Backman1996,8549036,,,Rifampin drastically reduces plasma concentrations and effects of oral midazolam.,pkdb/PKDB00227/study.json,yes,abstract_only,oa_W2114089215,abstracts,,https://doi.org/10.1016/s0009-9236(96)90018-1,title_exact,Abstract corpus record; no Paperclip full-text document path.
PKDB00365,pkdb,PKDB00365,Kyrklund2000,11180018,,,Rifampin greatly reduces plasma simvastatin and simvastatin acid concentrations.,pkdb/PKDB00365/study.json,yes,abstract_only,oa_W2039613248,abstracts,,https://doi.org/10.1067/mcp.2000.111414,title_exact,Abstract corpus record; no Paperclip full-text document path.
PKDB00083,pkdb,PKDB00083,Mitrakou1992,1727062,,10.1056/NEJM199201023260104,Role of reduced suppression of glucose production and diminished early insulin release in impaired glucose tolerance.,pkdb/PKDB00083/study.json,yes,abstract_only,oa_W2330273698,abstracts,,https://doi.org/10.1056/nejm199201023260104,doi_exact,Abstract corpus record; no Paperclip full-text document path.
2015730,pmid,PKDB00584,Hou1991,2015730,,,Salivary analysis for determination of dextromethorphan metabolic phenotype.,pmid/2015730/study.json,yes,abstract_only,oa_W2003741490,abstracts,,https://doi.org/10.1038/clpt.1991.48,title_exact,Abstract corpus record; no Paperclip full-text document path.
PKDB00469,pkdb,PKDB00469,Kukongviriyapan2004,15022032,,,Salivary caffeine metabolic ratio in alcohol-dependent subjects.,pkdb/PKDB00469/study.json,no,none,,,,,,no_exact_match
PKDB00168,pkdb,PKDB00168,Somaja1987,,,,Salivary paracetamol elimination kinetics during the menstrual cycle,pkdb/PKDB00168/study.json,yes,abstract_only,oa_W2057069029,abstracts,,https://doi.org/10.1111/j.1365-2125.1987.tb03056.x,title_exact,Abstract corpus record; no Paperclip full-text document path.
9696456,pmid,,Eckhardt1998,9696456,,,Same incidence of adverse drug events after codeine administration irrespective of the genetically determined differences in morphine formation.,pmid/9696456/study.json,yes,abstract_only,oa_W2001815145,abstracts,,https://doi.org/10.1016/s0304-3959(98)00021-9,title_exact,Abstract corpus record; no Paperclip full-text document path.
9728895,pmid,,Rasmussen1998,9728895,,,Selective effects of somatostatin analogs on human drug-metabolizing enzymes.,pmid/9728895/study.json,yes,abstract_only,oa_W2158162313,abstracts,,https://doi.org/10.1016/s0009-9236(98)90148-5,title_exact,Abstract corpus record; no Paperclip full-text document path.
PKDB00247,pkdb,PKDB00247,Eeckhoudt1998,9686884,,,Sensitive assay for midazolam and its metabolite 1'-hydroxymidazolam in human plasma by capillary high-performance liquid chromatography.,pkdb/PKDB00247/study.json,no,none,,,,,,no_exact_match
PKDB00382,pkdb,PKDB00382,JodynisLiebert2004,15051740,,,Serum metabolite/caffeine ratios as a test for liver function.,pkdb/PKDB00382/study.json,yes,abstract_only,oa_W2033201645,abstracts,,https://doi.org/10.1177/0091270004263468,title_exact,Abstract corpus record; no Paperclip full-text document path.
PKDB00373,pkdb,PKDB00373,Loria1993,8138261,,,Short-term effects of simvastatin on bile acid synthesis and bile lipid secretion in human subjects.,pkdb/PKDB00373/study.json,yes,abstract_only,oa_W2078965154,abstracts,,https://doi.org/10.1002/hep.1840190413,title_exact,Abstract corpus record; no Paperclip full-text document path.
PKDB00471,pkdb,PKDB00471,Lammers2018,28929443,PMC5854751,10.1007/s13318-017-0437-7,Short-Term Fasting Alters Pharmacokinetics of Cytochrome P450 Probe Drugs: Does Protein Binding Play a Role?,pkdb/PKDB00471/study.json,yes,full_text,PMC5854751,pmc,/papers/PMC5854751/content.lines,https://paperclip.gxl.ai/citations/papers/PMC5854751,pmcid_exact,
PKDB00334,pkdb,PKDB00334,Higuchi1979,44299,,,Simplified determination of lorazepam and oxazepam in biological fluids by gas chromatography-mass spectrometry.,pkdb/PKDB00334/study.json,no,none,,,,,,no_exact_match
PKDB00446,pkdb,PKDB00446,Chen2009b,19215233,,,"Simultaneous action of the flavonoid quercetin on cytochrome P450 (CYP) 1A2, CYP2A6, N-acetyltransferase and xanthine oxidase activity in healthy volunteers.",pkdb/PKDB00446/study.json,no,none,,,,,,no_exact_match
PKDB00110,pkdb,PKDB00110,Wu2013,23507688,,,Simultaneous analysis of codeine and its active metabolites in human plasma using liquid chromatography-tandem mass spectrometry: application to a pharmacokinetic study after oral administration of codeine.,pkdb/PKDB00110/study.json,no,none,,,,,,no_exact_match
PKDB00483,pkdb,PKDB00483,Schmider1999,10634135,,,Simultaneous assessment of CYP3A4 and CYP1A2 activity in vivo with alprazolam and caffeine.,pkdb/PKDB00483/study.json,yes,abstract_only,oa_W2001488867,abstracts,,https://doi.org/10.1097/01213011-199912000-00007,title_exact,Abstract corpus record; no Paperclip full-text document path.
16930908,pmid,PKDB00581,Eichhold2007,16930908,,,"Simultaneous determination of dextromethorphan, dextrorphan, and guaifenesin in human plasma using semi-automated liquid/liquid extraction and gradient liquid chromatography tandem mass spectrometry.",pmid/16930908/study.json,no,none,,,,,,no_exact_match
PKDB00529,pkdb,PKDB00529,Bae2014,24648255,,,"Simultaneous determination of metoprolol and its metabolites, α-hydroxymetoprolol and O-desmethylmetoprolol, in human plasma by liquid chromatography with tandem mass spectrometry: Application to the pharmacokinetics of metoprolol associated with CYP2D6 genotypes.",pkdb/PKDB00529/study.json,no,none,,,,,,no_exact_match
PKDB00136,pkdb,PKDB00136,Tanaka2014,24389476,,,Simultaneous LC-MS/MS analysis of the plasma concentrations of a cocktail of 5 cytochrome P450 substrate drugs and their metabolites.,pkdb/PKDB00136/study.json,yes,abstract_only,oa_W2054767854,abstracts,,https://doi.org/10.1248/bpb.b13-00401,title_exact,Abstract corpus record; no Paperclip full-text document path.
29403866,pmid,,Partani2013,29403866,PMC5761050,10.1016/j.jpha.2013.09.007,Simultaneous quantitation of atorvastatin and its two active metabolites in human plasma by liquid chromatography/(-) electrospray tandem mass spectrometry.,pmid/29403866/study.json,yes,full_text,PMC5761050,pmc,/papers/PMC5761050/content.lines,https://paperclip.gxl.ai/citations/papers/PMC5761050,pmcid_exact,
PKDB00514,pkdb,PKDB00514,Mol1988,3279966,,,Simvastatin (MK-733): a potent cholesterol synthesis inhibitor in heterozygous familial hypercholesterolaemia.,pkdb/PKDB00514/study.json,no,none,,,,,,no_exact_match
PKDB00372,pkdb,PKDB00372,Neuvonen1998,9542477,,,Simvastatin but not pravastatin is very susceptible to interaction with the CYP3A4 inhibitor itraconazole.,pkdb/PKDB00372/study.json,yes,abstract_only,oa_W2087015670,abstracts,,https://doi.org/10.1016/s0009-9236(98)90165-5,title_exact,Abstract corpus record; no Paperclip full-text document path.
PKDB00361,pkdb,PKDB00361,Bergman2004,15317833,,,Simvastatin does not have a clinically significant pharmacokinetic interaction with fenofibrate in humans.,pkdb/PKDB00361/study.json,yes,abstract_only,oa_W2053536280,abstracts,,https://doi.org/10.1177/0091270004268044,title_exact,Abstract corpus record; no Paperclip full-text document path.
PKDB00363,pkdb,PKDB00363,Zhou2013,23469684,,,"Simvastatin pharmacokinetics in healthy Chinese subjects and its relations with CYP2C9, CYP3A5, ABCB1, ABCG2 and SLCO1B1 polymorphisms.",pkdb/PKDB00363/study.json,yes,abstract_only,oa_W2428761922,abstracts,,https://doi.org/10.31083/ph.2013.2676,title_exact,Abstract corpus record; no Paperclip full-text document path.
PKDB00193,pkdb,PKDB00193,Bannwarth2001,11196522,,,Single and multiple dose pharmacokinetics of acetaminophen (paracetamol) in polymedicated very old patients with rheumatic pain.,pkdb/PKDB00193/study.json,no,none,,,,,,no_exact_match
Borin1989,legacy,,Borin1989,,,,Single dose bioavailability of acetaminophen following oral administration,legacy/Borin1989/study.json,no,none,,,,,,no_exact_match
PKDB00025,pkdb,PKDB00025,Chan1997,9248766,,,Single-dose pharmacokinetics of paracetamol and its conjugates in Chinese non-insulin-dependent diabetic patients with renal impairment.,pkdb/PKDB00025/study.json,no,none,,,,,,no_exact_match
PKDB00326,pkdb,PKDB00326,Chaobal2005,16321619,,,"Single-point sampling for assessment of constitutive, induced, and inhibited cytochrome P450 3A activity with alfentanil or midazolam.",pkdb/PKDB00326/study.json,yes,abstract_only,oa_W2041552927,abstracts,,https://doi.org/10.1016/j.clpt.2005.08.004,title_exact,Abstract corpus record; no Paperclip full-text document path.
PKDB00368,pkdb,PKDB00368,Pasanen2006,17108811,,,SLCO1B1 polymorphism markedly affects the pharmacokinetics of simvastatin acid.,pkdb/PKDB00368/study.json,yes,abstract_only,oa_W4249964811,abstracts,,https://doi.org/10.1097/01.fpc.0000230416.82349.90,title_exact,Abstract corpus record; no Paperclip full-text document path.
PKDB00437,pkdb,PKDB00437,Bozikas2004,14659985,,,Smoking impact on CYP1A2 activity in a group of patients with schizophrenia.,pkdb/PKDB00437/study.json,no,none,,,,,,no_exact_match
PKDB00147,pkdb,PKDB00147,McGilveray1972,4403741,,,Some factors affecting the absorption of paracetamol.,pkdb/PKDB00147/study.json,yes,abstract_only,oa_W1970853484,abstracts,,https://doi.org/10.1111/j.2042-7158.1972.tb09072.x,title_exact,Abstract corpus record; no Paperclip full-text document path.
PKDB00271,pkdb,PKDB00271,Gamble1976,1023954,,,Some pharmacological factors influencing the absorption of diazepam following oral administration.,pkdb/PKDB00271/study.json,no,none,,,,,,no_exact_match
PKDB00531,pkdb,PKDB00531,Cerqueira2003,12774293,,,Stereoselective metabolism of metoprolol: enantioselectivity of alpha-hydroxymetoprolol in plasma and urine.,pkdb/PKDB00531/study.json,no,none,,,,,,no_exact_match
PKDB00358,pkdb,PKDB00358,Simard2001,11497338,,,Study of the drug-drug interaction between simvastatin and cisapride in man.,pkdb/PKDB00358/study.json,no,none,,,,,,no_exact_match
PKDB00282,pkdb,PKDB00282,Wang2020a,32219697,,,Study on the Pharmacokinetics of Diazepam and Its Metabolites in Blood of Chinese People.,pkdb/PKDB00282/study.json,no,none,,,,,,no_exact_match
PKDB00010,pkdb,PKDB00010,Benowitz1995,8529334,,,Sympathomimetic effects of paraxanthine and caffeine in humans.,pkdb/PKDB00010/study.json,yes,abstract_only,oa_W2000325962,abstracts,,https://doi.org/10.1016/0009-9236(95)90025-x,title_exact,Abstract corpus record; no Paperclip full-text document path.
PKDB00171,pkdb,PKDB00171,Shively1975,,,,Temporal variations in acetaminophen and phenacetin half-life in man,pkdb/PKDB00171/study.json,yes,abstract_only,oa_W2409963333,abstracts,,https://doi.org/10.1002/cpt1975184413,title_exact,Abstract corpus record; no Paperclip full-text document path.
3604267,pmid,,Kamali1987,3604267,,,Temporal variations in paracetamol absorption and metabolism in man.,pmid/3604267/study.json,yes,abstract_only,oa_W2032366660,abstracts,,https://doi.org/10.3109/00498258709043970,title_exact,Abstract corpus record; no Paperclip full-text document path.
PKDB00013,pkdb,PKDB00013,Blanchard1983a,6832208,,,The absolute bioavailability of caffeine in man.,pkdb/PKDB00013/study.json,no,none,,,,,,no_exact_match
PKDB00146,pkdb,PKDB00146,Gwilt1963,13951544,,,The absorption characteristics of paracetamol tablets in man.,pkdb/PKDB00146/study.json,yes,abstract_only,oa_W2142533664,abstracts,,https://doi.org/10.1111/j.2042-7158.1963.tb12812.x,title_exact,Abstract corpus record; no Paperclip full-text document path.
PKDB00305,pkdb,PKDB00305,Liu2017,28004396,,,The absorption kinetics of ketoconazole plays a major role in explaining the reported variability in the level of interaction with midazolam: Interplay between formulation and inhibition of gut wall and liver metabolism.,pkdb/PKDB00305/study.json,yes,abstract_only,oa_W2563546040,abstracts,,https://doi.org/10.1002/bdd.2058,title_exact,Abstract corpus record; no Paperclip full-text document path.
10510150,pmid,,Abdulmanap2001,10510150,PMC2014340,10.1046/j.1365-2125.1999.00029.x,The antitussive effect of dextromethorphan in relation to CYP2D6 activity.,pmid/10510150/study.json,yes,abstract_only,oa_W1596733936,abstracts,,https://doi.org/10.1046/j.1365-2125.1999.00029.x,doi_exact,Abstract corpus record; no Paperclip full-text document path.
PKDB00228,pkdb,PKDB00228,Backman1998,9591931,,,The area under the plasma concentration-time curve for oral midazolam is 400-fold larger during treatment with itraconazole than with rifampicin.,pkdb/PKDB00228/study.json,no,none,,,,,,no_exact_match
PKDB00134,pkdb,PKDB00134,Wynne1990,2285011,,,The association of age and frailty with paracetamol conjugation in man.,pkdb/PKDB00134/study.json,yes,abstract_only,oa_W1991300596,abstracts,,https://doi.org/10.1093/ageing/19.6.419,title_exact,Abstract corpus record; no Paperclip full-text document path.
PKDB00435,pkdb,PKDB00435,Becker1984,6700656,,,The bronchodilator effects and pharmacokinetics of caffeine in asthma.,pkdb/PKDB00435/study.json,yes,abstract_only,oa_W1997729364,abstracts,,https://doi.org/10.1056/nejm198403223101202,title_exact,Abstract corpus record; no Paperclip full-text document path.
PKDB00387,pkdb,PKDB00387,Branch1976,1277728,,,The clearance of antipyrine and indocyanine green in normal subjects and in patients with chronic lever disease.,pkdb/PKDB00387/study.json,no,none,,,,,,no_exact_match
PKDB00200,pkdb,PKDB00200,Prescott1968,,,,"The comparative metabolism of phenacetin and N-acetyl-p-aminophenol in man, with particular reference to effects on the kidney",pkdb/PKDB00200/study.json,yes,abstract_only,oa_W2412407736,abstracts,,https://doi.org/10.1002/cpt196895605,title_exact,Abstract corpus record; no Paperclip full-text document path.
PKDB00026,pkdb,PKDB00026,Chiew2010,21143403,,,The comparative pharmacokinetics of modified-release and immediate-release paracetamol in a simulated overdose model.,pkdb/PKDB00026/study.json,yes,abstract_only,oa_W1549864762,abstracts,,https://doi.org/10.1111/j.1742-6723.2010.01354.x,title_exact,Abstract corpus record; no Paperclip full-text document path.
PKDB00333,pkdb,PKDB00333,Smink2008,18662285,PMC2561122,10.1111/j.1365-2125.2008.03252.x,"The concentration of oxazepam and oxazepam glucuronide in oral fluid, blood and serum after controlled administration of 15 and 30 mg oxazepam.",pkdb/PKDB00333/study.json,yes,abstract_only,oa_W2116105273,abstracts,,https://doi.org/10.1111/j.1365-2125.2008.03252.x,doi_exact,Abstract corpus record; no Paperclip full-text document path.
PKDB00192,pkdb,PKDB00192,Heading1973,4722050,PMC1776534,,The dependence of paracetamol absorption on the rate of gastric emptying.,pkdb/PKDB00192/study.json,yes,abstract_only,oa_W1973714575,abstracts,,https://doi.org/10.1111/j.1476-5381.1973.tb08339.x,title_exact,Abstract corpus record; no Paperclip full-text document path.
PKDB00073,pkdb,PKDB00073,Ferrannini1988,3275860,,,The disposal of an oral glucose load in patients with non-insulin-dependent diabetes.,pkdb/PKDB00073/study.json,no,none,,,,,,no_exact_match
PKDB00273,pkdb,PKDB00273,Macklon1980,7438711,,,The effect of age on the pharmacokinetics of diazepam.,pkdb/PKDB00273/study.json,yes,abstract_only,oa_W141441207,abstracts,,https://doi.org/10.1042/cs0590479,title_exact,Abstract corpus record; no Paperclip full-text document path.
Wynne1989,legacy,,Wynne1989,2643548,,,The effect of age upon liver volume and apparent liver blood flow in healthy man.,legacy/Wynne1989/study.json,yes,abstract_only,oa_W1992268549,abstracts,,https://doi.org/10.1002/hep.1840090222,title_exact,Abstract corpus record; no Paperclip full-text document path.
PKDB00205,pkdb,PKDB00205,Gorski2003,12966371,,,"The effect of age, sex, and rifampin administration on intestinal and hepatic cytochrome P450 3A activity.",pkdb/PKDB00205/study.json,yes,abstract_only,oa_W2115722806,abstracts,,https://doi.org/10.1016/s0009-9236(03)00187-5,title_exact,Abstract corpus record; no Paperclip full-text document path.
PKDB00028,pkdb,PKDB00028,Iqbal1995,7579030,,,The effect of caffeine on the pharmacokinetics of acetaminophen in man.,pkdb/PKDB00028/study.json,yes,abstract_only,oa_W1991388994,abstracts,,https://doi.org/10.1002/bdd.2510160606,title_exact,Abstract corpus record; no Paperclip full-text document path.
PKDB00258,pkdb,PKDB00258,AdjeponYamoah1986,3964532,,,The effect of chloroquine on paracetamol disposition and kinetics.,pkdb/PKDB00258/study.json,yes,abstract_only,oa_W2089156678,abstracts,,https://doi.org/10.1111/j.1365-2125.1986.tb05197.x,title_exact,Abstract corpus record; no Paperclip full-text document path.
PKDB00092,pkdb,PKDB00092,Hasselstrom1997,9403287,,,The effect of codeine on gastrointestinal transit in extensive and poor metabolisers of debrisoquine.,pkdb/PKDB00092/study.json,no,none,,,,,,no_exact_match
PKDB00265,pkdb,PKDB00265,Hall1976,1264935,,,The effect of desmethylimipramine on the absorption of alcohol and paracetamol.,pkdb/PKDB00265/study.json,yes,abstract_only,oa_W2039163254,abstracts,,https://doi.org/10.1136/pgmj.52.605.139,title_exact,Abstract corpus record; no Paperclip full-text document path.
PKDB00317,pkdb,PKDB00317,Ohnhaus1979,42427,PMC1429902,10.1111/j.1365-2125.1979.tb01044.x,The effect of enzyme induction on diazepam metabolism in man.,pkdb/PKDB00317/study.json,yes,abstract_only,oa_W2071553769,abstracts,,https://doi.org/10.1111/j.1365-2125.1979.tb01044.x,doi_exact,Abstract corpus record; no Paperclip full-text document path.
908472,pmid,,Holst1977,908472,,,The effect of intraportal and peripheral infusions of glucagon on insulin and glucose concentrations and glucose tolerance in normal man.,pmid/908472/study.json,no,none,,,,,,no_exact_match
PKDB00244,pkdb,PKDB00244,Pentikis2007,17896891,,,"The effect of multiple-dose, oral rifaximin on the pharmacokinetics of intravenous and oral midazolam in healthy volunteers.",pkdb/PKDB00244/study.json,yes,abstract_only,oa_W1996001370,abstracts,,https://doi.org/10.1592/phco.27.10.1361,title_exact,Abstract corpus record; no Paperclip full-text document path.
PKDB00218,pkdb,PKDB00218,Lee1981,7263926,,,The effect of obesity on acetaminophen pharmacokinetics in man.,pkdb/PKDB00218/study.json,yes,abstract_only,oa_W2059190681,abstracts,,https://doi.org/10.1002/j.1552-4604.1981.tb01768.x,title_exact,Abstract corpus record; no Paperclip full-text document path.
PKDB00214,pkdb,PKDB00214,Kamali1992,1576053,,,The effect of pirenzepine on gastric emptying and salivary flow rate: constraints on the use of saliva paracetamol concentrations for the determination of paracetamol pharmacokinetics.,pkdb/PKDB00214/study.json,yes,abstract_only,oa_W1974099244,abstracts,,https://doi.org/10.1111/j.1365-2125.1992.tb04041.x,title_exact,Abstract corpus record; no Paperclip full-text document path.
PKDB00141,pkdb,PKDB00141,Kamali1993,8157041,,,The effect of probenecid on paracetamol metabolism and pharmacokinetics.,pkdb/PKDB00141/study.json,no,none,,,,,,no_exact_match
PKDB00024,pkdb,PKDB00024,Baraka1990,2306420,PMC1380095,,The effect of propranolol on paracetamol metabolism in man.,pkdb/PKDB00024/study.json,yes,abstract_only,oa_W2024993890,abstracts,,https://doi.org/10.1111/j.1365-2125.1990.tb03631.x,title_exact,Abstract corpus record; no Paperclip full-text document path.
1623898,pmid,,Sindrup1992,1623898,,,The effect of quinidine on the analgesic effect of codeine.,pmid/1623898/study.json,no,none,,,,,,no_exact_match
PKDB00137,pkdb,PKDB00137,Kakuda2014,24165884,,,The effect of single- and multiple-dose etravirine on a drug cocktail of representative cytochrome P450 probes and digoxin in healthy subjects.,pkdb/PKDB00137/study.json,yes,abstract_only,oa_W2000238969,abstracts,,https://doi.org/10.1002/jcph.214,title_exact,Abstract corpus record; no Paperclip full-text document path.
PKDB00052,pkdb,PKDB00052,Murphy1988,2482799,,,The effect of smoking on caffeine elimination: implications for its use as a semiquantitative test of liver function.,pkdb/PKDB00052/study.json,yes,abstract_only,oa_W2034062476,abstracts,,https://doi.org/10.1111/j.1440-1681.1988.tb01003.x,title_exact,Abstract corpus record; no Paperclip full-text document path.
PKDB00465,pkdb,PKDB00465,Kamimori1999,10492057,,,"The effect of the menstrual cycle on the pharmacokinetics of caffeine in normal, healthy eumenorrheic females.",pkdb/PKDB00465/study.json,no,none,,,,,,no_exact_match
PKDB00129,pkdb,PKDB00129,Trang1982,7064899,,,The effect of vitamin C on the pharmacokinetics of caffeine in elderly men.,pkdb/PKDB00129/study.json,no,none,,,,,,no_exact_match
PKDB00002,pkdb,PKDB00002,Akinyinka2000,10877011,,,The effects of acute falciparum malaria on the disposition of caffeine and the comparison of saliva and plasma-derived pharmacokinetic parameters in adult Nigerians.,pkdb/PKDB00002/study.json,no,none,,,,,,no_exact_match
PKDB00274,pkdb,PKDB00274,Klotz1975,1127104,PMC301753,10.1172/JCI107938,The effects of age and liver disease on the disposition and elimination of diazepam in adult man.,pkdb/PKDB00274/study.json,yes,abstract_only,oa_W2082425802,abstracts,,https://doi.org/10.1172/jci107938,doi_exact,Abstract corpus record; no Paperclip full-text document path.
PKDB00165,pkdb,PKDB00165,Prescott1973,4788034,,,The effects of hepatic and renal damage on paracetamol metabolism and excretion following overdosage. A pharmacokinetic study.,pkdb/PKDB00165/study.json,yes,abstract_only,oa_W2046731343,abstracts,,https://doi.org/10.1111/j.1476-5381.1973.tb08536.x,title_exact,Abstract corpus record; no Paperclip full-text document path.
PKDB00348,pkdb,PKDB00348,Ziviani2001,11259986,PMC2014440,10.1111/j.1365-2125.2001.bcp119.x,The effects of lacidipine on the steady/state plasma concentrations of simvastatin in healthy subjects.,pkdb/PKDB00348/study.json,yes,abstract_only,oa_W2042139205,abstracts,,https://doi.org/10.1111/j.1365-2125.2001.bcp119.x,doi_exact,Abstract corpus record; no Paperclip full-text document path.
PKDB00464,pkdb,PKDB00464,Kamimori1987,3830245,,,The effects of obesity and exercise on the pharmacokinetics of caffeine in lean and obese volunteers.,pkdb/PKDB00464/study.json,no,none,,,,,,no_exact_match
9024733,pmid,,Davidson1997,9024733,,,The efficacy and six-week tolerability of simvastatin 80 and 160 mg/day.,pmid/9024733/study.json,no,none,,,,,,no_exact_match
PKDB00123,pkdb,PKDB00123,Lau1994,7696381,,,The estimation of paracetamol and its major metabolites in both plasma and urine by a single high-performance liquid chromatography assay.,pkdb/PKDB00123/study.json,no,none,,,,,,no_exact_match
PKDB00431,pkdb,PKDB00431,Axelrod1953,13053413,,,The fate of caffeine in man and a method for its estimation in biological material.,pkdb/PKDB00431/study.json,no,none,,,,,,no_exact_match
PKDB00501,pkdb,PKDB00501,Anzai2020,32593714,,,The Impact of a Heterozygous SLCO1B3 Null Variant on the Indocyanine Green Retention Test.,pkdb/PKDB00501/study.json,no,none,,,,,,no_exact_match
PKDB00111,pkdb,PKDB00111,Wu2014,24077935,,,The impact of CYP2D6 polymorphisms on the pharmacokinetics of codeine and its metabolites in Mongolian Chinese subjects.,pkdb/PKDB00111/study.json,no,none,,,,,,no_exact_match
PKDB00190,pkdb,PKDB00190,Fulton1979,444368,,,The influence of age on the pharmacokinetics of paracetamol [proceedings].,pkdb/PKDB00190/study.json,no,none,,,,,,no_exact_match
8841152,pmid,PKDB00576,Capon1996,8841152,,,The influence of CYP2D6 polymorphism and quinidine on the disposition and antitussive effect of dextromethorphan in humans.,pmid/8841152/study.json,yes,abstract_only,oa_W2044002533,abstracts,,https://doi.org/10.1016/s0009-9236(96)90056-9,title_exact,Abstract corpus record; no Paperclip full-text document path.
PKDB00336,pkdb,PKDB00336,Hecken1985,4041343,PMC1400690,10.1111/j.1365-2125.1985.tb05065.x,The influence of diflunisal on the pharmacokinetics of oxazepam.,pkdb/PKDB00336/study.json,yes,abstract_only,oa_W1972064749,abstracts,,https://doi.org/10.1111/j.1365-2125.1985.tb05065.x,doi_exact,Abstract corpus record; no Paperclip full-text document path.
12540611,pmid,,Kjems2003,12540611,,,The influence of GLP-1 on glucose-stimulated insulin secretion: effects on beta-cell sensitivity in type 2 and nondiabetic subjects.,pmid/12540611/study.json,no,none,,,,,,no_exact_match
PKDB00219,pkdb,PKDB00219,Nimmo1978,,,,The influence of posture on paracetamol absorption,pkdb/PKDB00219/study.json,no,none,,,,,,no_exact_match
PKDB00299,pkdb,PKDB00299,Kamimori2000,10883415,,,The influence of the menstrual cycle on triazolam and indocyanine green pharmacokinetics.,pkdb/PKDB00299/study.json,yes,abstract_only,oa_W2106563166,abstracts,,https://doi.org/10.1177/00912700022009495,title_exact,Abstract corpus record; no Paperclip full-text document path.
PKDB00366,pkdb,PKDB00366,Jiang2017,28350522,,,"The influences of SLCO1B1 and ABCB1 genotypes on the pharmacokinetics of simvastatin, in relation to CYP3A4 inhibition.",pkdb/PKDB00366/study.json,no,none,,,,,,no_exact_match
PKDB00086,pkdb,PKDB00086,Yang2015,25922805,PMC4411542,10.4093/dmj.2015.39.2.117,The Insulin Resistance but Not the Insulin Secretion Parameters Have Changed in the Korean Population during the Last Decade.,pkdb/PKDB00086/study.json,yes,full_text,PMC4411542,pmc,/papers/PMC4411542/content.lines,https://paperclip.gxl.ai/citations/papers/PMC4411542,pmcid_exact,
PKDB00362,pkdb,PKDB00362,Mousa2000,10741630,,,The interaction of diltiazem with simvastatin.,pkdb/PKDB00362/study.json,yes,abstract_only,oa_W1995962199,abstracts,,https://doi.org/10.1067/mcp.2000.104609,title_exact,Abstract corpus record; no Paperclip full-text document path.
3356089,pmid,,Arias1988,3356089,,,The oxidative metabolism of sparteine in the Cuna Amerindians of Panama: absence of evidence for deficient metabolizers.,pmid/3356089/study.json,yes,abstract_only,oa_W2153996615,abstracts,,https://doi.org/10.1038/clpt.1988.58,title_exact,Abstract corpus record; no Paperclip full-text document path.
PKDB00061,pkdb,PKDB00061,Spigset1999a,10471076,,,The paraxanthine:caffeine ratio in serum or in saliva as a measure of CYP1A2 activity: when should the sample be obtained?,pkdb/PKDB00061/study.json,no,none,,,,,,no_exact_match
PKDB00486,pkdb,PKDB00486,Scott1989,2713214,PMC1379781,10.1111/j.1365-2125.1989.tb05352.x,The pharmacokinetics of caffeine and its dimethylxanthine metabolites in patients with chronic liver disease.,pkdb/PKDB00486/study.json,yes,abstract_only,oa_W2067519286,abstracts,,https://doi.org/10.1111/j.1365-2125.1989.tb05352.x,doi_exact,Abstract corpus record; no Paperclip full-text document path.
PKDB00106,pkdb,PKDB00106,Shord2009,19357842,PMC3775655,10.1007/s00228-009-0646-3,The pharmacokinetics of codeine and its metabolites in Blacks with sickle cell disease.,pkdb/PKDB00106/study.json,no,none,,,,,,no_exact_match
PKDB00199,pkdb,PKDB00199,Smith1981,6116606,,,The pharmacokinetics of midazolam in man.,pkdb/PKDB00199/study.json,no,none,,,,,,no_exact_match
PKDB00525,pkdb,PKDB00525,Regaardh1990,2315973,,,The pharmacokinetics of omeprazole in humans--a study of single intravenous and oral doses.,pkdb/PKDB00525/study.json,yes,abstract_only,oa_W2035787557,abstracts,,https://doi.org/10.1097/00007691-199003000-00010,title_exact,Abstract corpus record; no Paperclip full-text document path.
PKDB00498,pkdb,PKDB00498,Tamminga2001b,11829201,,,The prevalence of CYP2D6 and CYP2C19 genotypes in a population of healthy Dutch volunteers.,pkdb/PKDB00498/study.json,no,none,,,,,,no_exact_match
PKDB00440,pkdb,PKDB00440,Bruce1986,3741730,PMC1401080,10.1111/j.1365-2125.1986.tb02883.x,The psychopharmacological and electrophysiological effects of single doses of caffeine in healthy human subjects.,pkdb/PKDB00440/study.json,yes,abstract_only,oa_W2032565719,abstracts,,https://doi.org/10.1111/j.1365-2125.1986.tb02883.x,doi_exact,Abstract corpus record; no Paperclip full-text document path.
PKDB00029,pkdb,PKDB00029,Jensen2004,15127815,,,"The quantification of paracetamol, paracetamol glucuronide and paracetamol sulphate in plasma and urine using a single high-performance liquid chromatography assay.",pkdb/PKDB00029/study.json,no,none,,,,,,no_exact_match
PKDB00468,pkdb,PKDB00468,Kamimori2002,11839447,,,The rate of absorption and relative bioavailability of caffeine administered in chewing gum versus capsules to normal healthy volunteers.,pkdb/PKDB00468/study.json,no,none,,,,,,no_exact_match
PKDB00122,pkdb,PKDB00122,Briant1976,,,,The Rate of Acetaminophen Metabolism in the Elderly and the Young,pkdb/PKDB00122/study.json,yes,abstract_only,oa_W1999852053,abstracts,,https://doi.org/10.1111/j.1532-5415.1976.tb03312.x,title_exact,Abstract corpus record; no Paperclip full-text document path.
16702313,pmid,,WachtersHagedoorn2006,16702313,,,The rate of intestinal glucose absorption is correlated with plasma glucose-dependent insulinotropic polypeptide concentrations in healthy men.,pmid/16702313/study.json,no,none,,,,,,no_exact_match
PKDB00425,pkdb,PKDB00425,Roberts1976,973986,PMC1428933,10.1111/j.1365-2125.1976.tb00646.x,"The relationship between liver volume, antipyrine clearance and indocyanine green clearance before and after phenobarbitone administration in man.",pkdb/PKDB00425/study.json,yes,abstract_only,oa_W2076374173,abstracts,,https://doi.org/10.1111/j.1365-2125.1976.tb00646.x,doi_exact,Abstract corpus record; no Paperclip full-text document path.
PKDB00245,pkdb,PKDB00245,Kharasch1997,9232132,,10.1097/00000542-199707000-00006,The role of cytochrome P450 3A4 in alfentanil clearance. Implications for interindividual variability in disposition and perioperative drug interactions.,pkdb/PKDB00245/study.json,yes,abstract_only,oa_W2017334752,abstracts,,https://doi.org/10.1097/00000542-199707000-00006,doi_exact,Abstract corpus record; no Paperclip full-text document path.
PKDB00492,pkdb,PKDB00492,Tripathi2015,25853045,PMC4382505,10.1016/j.jobcr.2014.12.003,The role of salivary caffeine clearance in the diagnosis of chronic liver disease.,pkdb/PKDB00492/study.json,no,none,,,,,,no_exact_match
PKDB00195,pkdb,PKDB00195,Clements1984,6487489,PMC1463596,,The role of sulphate conjugation in the metabolism and disposition of oral and intravenous paracetamol in man.,pkdb/PKDB00195/study.json,yes,abstract_only,oa_W1988022616,abstracts,,https://doi.org/10.1111/j.1365-2125.1984.tb02495.x,title_exact,Abstract corpus record; no Paperclip full-text document path.
7423506,pmid,PKDB00575,Barnhart1980,7423506,,,The urinary excretion of dextromethorphan and three metabolites in dogs and humans.,pmid/7423506/study.json,no,none,,,,,,no_exact_match
PKDB00389,pkdb,PKDB00389,Caesar1961,13689739,,,The use of indocyanine green in the measurement of hepatic blood flow and as a test of hepatic function.,pkdb/PKDB00389/study.json,no,none,,,,,,no_exact_match
PKDB00429,pkdb,PKDB00429,Arnaud1981,,,10.1007/978-3-663-05268-5_18,Theophylline and caffeine metabolism in man,pkdb/PKDB00429/study.json,no,none,,,,,,no_exact_match
PKDB00157,pkdb,PKDB00157,Sonne1988,3220092,,,Therapeutic doses of codeine have no effect on acetaminophen clearance or metabolism.,pkdb/PKDB00157/study.json,no,none,,,,,,no_exact_match
PKDB00508,pkdb,PKDB00508,Keech1995,8005129,,,Three-year follow-up of the Oxford Cholesterol Study: assessment of the efficacy and safety of simvastatin in preparation for a large mortality study.,pkdb/PKDB00508/study.json,yes,abstract_only,oa_W1933463071,abstracts,,https://doi.org/10.1093/oxfordjournals.eurheartj.a060485,title_exact,Abstract corpus record; no Paperclip full-text document path.
PKDB00254,pkdb,PKDB00254,Greenblatt2003,12891222,,,Time course of recovery of cytochrome p450 3A function after single doses of grapefruit juice.,pkdb/PKDB00254/study.json,yes,abstract_only,oa_W1985731196,abstracts,,https://doi.org/10.1016/s0009-9236(03)00118-8,title_exact,Abstract corpus record; no Paperclip full-text document path.
PKDB00032,pkdb,PKDB00032,Faber2004,15289794,,,Time response of cytochrome P450 1A2 activity on cessation of heavy smoking.,pkdb/PKDB00032/study.json,no,none,,,,,,no_exact_match
PKDB00392,pkdb,PKDB00392,DOnofrio2014,24834884,,,Time-to-peak values can estimate hepatic functional reserve in patients undergoing surgical resection: a comparison between perfusion CT and indocyanine green retention test.,pkdb/PKDB00392/study.json,no,none,,,,,,no_exact_match
PKDB00212,pkdb,PKDB00212,Depre1992,1487229,,,"Tolerance and pharmacokinetics of propacetamol, a paracetamol formulation for intravenous use.",pkdb/PKDB00212/study.json,yes,abstract_only,oa_W2017043063,abstracts,,https://doi.org/10.1111/j.1472-8206.1992.tb00119.x,title_exact,Abstract corpus record; no Paperclip full-text document path.
8877677,pmid,,Posvar1996,8877677,,,"Tolerance and pharmacokinetics of single-dose atorvastatin, a potent inhibitor of HMG-CoA reductase, in healthy subjects.",pmid/8877677/study.json,yes,abstract_only,oa_W2037988396,abstracts,,https://doi.org/10.1002/j.1552-4604.1996.tb04242.x,title_exact,Abstract corpus record; no Paperclip full-text document path.
PKDB00309,pkdb,PKDB00309,Barr1990a,,,,Torasemide dose-proportionality of pharmacokinetics and pharmacodynamics,pkdb/PKDB00309/study.json,no,none,,,,,,no_exact_match
PKDB00312,pkdb,PKDB00312,Broekhuysen1986,3536530,,,"Torasemide, a new potent diuretic. Double-blind comparison with furosemide.",pkdb/PKDB00312/study.json,no,none,,,,,,no_exact_match
PKDB00097,pkdb,PKDB00097,Lafolie1996,8934303,,,Urine and plasma pharmacokinetics of codeine in healthy volunteers: implications for drugs-of-abuse testing.,pkdb/PKDB00097/study.json,yes,abstract_only,oa_W2107392421,abstracts,,https://doi.org/10.1093/jat/20.7.541,title_exact,Abstract corpus record; no Paperclip full-text document path.
PKDB00098,pkdb,PKDB00098,Liao2009,19156643,,,Urine and plasma pharmacokinetics of codeine in healthy volunteers: implications for drugs-of-abuse testing.,pkdb/PKDB00098/study.json,yes,abstract_only,oa_W2107392421,abstracts,,https://doi.org/10.1093/jat/20.7.541,title_exact,Abstract corpus record; no Paperclip full-text document path.
PKDB00084,pkdb,PKDB00084,Polonsky1986,3511094,PMC423314,10.1172/JCI112308,Use of biosynthetic human C-peptide in the measurement of insulin secretion rates in normal volunteers and type I diabetic patients.,pkdb/PKDB00084/study.json,yes,abstract_only,oa_W1979180498,abstracts,,https://doi.org/10.1172/jci112308,doi_exact,Abstract corpus record; no Paperclip full-text document path.
PKDB00177,pkdb,PKDB00177,Sanaka2000,10864349,,,Use of salivary acetaminophen concentration to assess gastric emptying rate of liquids.,pkdb/PKDB00177/study.json,no,none,,,,,,no_exact_match
PKDB00308,pkdb,PKDB00308,Dyk2019,31611799,PMC6777419,10.3389/fphar.2019.01120,Validation of a 3-h Sampling Interval to Assess Variability in Cytochrome P450 3A Phenotype and the Impact of Induction and Mechanism-Based Inhibition Using Midazolam as a Probe Substrate.,pkdb/PKDB00308/study.json,yes,full_text,PMC6777419,pmc,/papers/PMC6777419/content.lines,https://paperclip.gxl.ai/citations/papers/PMC6777419,pmcid_exact,
PKDB00046,pkdb,PKDB00046,Koch1999,10416066,,,Validation of a high-performance liquid chromatography assay for quantification of caffeine and paraxanthine in human serum in the context of CYP1A2 phenotyping.,pkdb/PKDB00046/study.json,yes,abstract_only,oa_W2056118284,abstracts,,https://doi.org/10.1002/(sici)1099-0801(199906)13:4<309::aid-bmc881>3.0.co;2-j,title_exact,Abstract corpus record; no Paperclip full-text document path.
PKDB00055,pkdb,PKDB00055,Park2003,14578861,,,"Validity of the 13C-caffeine breath test as a noninvasive, quantitative test of liver function.",pkdb/PKDB00055/study.json,yes,abstract_only,oa_W1980317932,abstracts,,https://doi.org/10.1053/jhep.2003.50475,title_exact,Abstract corpus record; no Paperclip full-text document path.
PKDB00502,pkdb,PKDB00502,Haimerl2016,26186960,,,Volume-assisted estimation of liver function based on Gd-EOB-DTPA-enhanced MR relaxometry.,pkdb/PKDB00502/study.json,no,none,,,,,,no_exact_match
PKDB00163,pkdb,PKDB00163,Kulo2014,24668698,,,"Weight, pregnancy and oral contraceptives affect intravenous paracetamol clearance in young women.",pkdb/PKDB00163/study.json,no,none,,,,,,no_exact_match
